report,true_incident_type,predicted_incident_type,true_priority,predicted_priority
حادث حافلة قرب البركة وفيه عدة اصابات خطيرة الاسعاف طالب وحدات زيادة,Road/Transportation,Road/Transportation,High,High
اندلاع حريق داخل احدى الشقق بعمارات ككلة في منطقة حي الاكواخ,Fire/Explosion,Fire/Explosion,Medium,Medium
مركبة قلبت في جنزور غرب طرابلس وفيه زوز اصابات متوسطة,Road/Transportation,Road/Transportation,High,High
اخلاء مواطنين عالقين نتيجة ارتفاع منسوب المياه في جنوب طرابلس,Flood/Severe Weather,Flood/Severe Weather,Critical,Critical
الضي يقطع ويجي كل شوية دقايق في الزاوية المركز وخرب الاجهزة,Infrastructure/Utilities,People at Risk/Medical,Low,Low
رياح قوية وسقوط اشجار في راس لانوف مع اغلاق شارع,Flood/Severe Weather,Flood/Severe Weather,Medium,Low
دخول مياه الغدير للطوابق الارضية والمنازل بمنطقة صلاح الدين عقب هطول امطار غزيرة وتوقف الحركة تماما,Flood/Severe Weather,Flood/Severe Weather,High,Medium
طفل مفقود من ساعات قرب وادي في البيضاء والجو صعب,People at Risk/Medical,People at Risk/Medical,High,Medium
حريق في مستشفى والدخان وصل الى احد الاجنحة مع بدء اخلاء المرضى,Fire/Explosion,Fire/Explosion,High,High
استجابة سريعة لنقل مصابين من الجفرة بواسطة الاسعاف الطائر,People at Risk/Medical,People at Risk/Medical,High,High
فيضان مدينة درنة تسبب في سقوط ضحايا وتلوث محتمل لمياه الشرب والبحر,Flood/Severe Weather,Flood/Severe Weather,Critical,Critical
حالة طارئة في الزاوية ومحتاجين سيارة اسعاف باسرع وقت,People at Risk/Medical,People at Risk/Medical,Critical,Critical
اندلاع حريق في شقة بالطابق الثاني بمنطقة الهضبة بالقرب من رغد مول,Fire/Explosion,Fire/Explosion,Medium,Medium
المجارير فايضة في راس اجدير والمية داخلة للشارع من كل جهة,Flood/Severe Weather,Road/Transportation,High,High
وفاة شاب اثر صعق كهربائي اثناء مروره فوق اسلاك كهرباء في تاجوراء,People at Risk/Medical,Infrastructure/Utilities,High,High
الانترنت ضعيف هلبا وشبكة LTT الارضي واقفة كامل في قصر بن غشير,Infrastructure/Utilities,Infrastructure/Utilities,Medium,Medium
تحرك سيول الاودية بمنطقة تاكنس بعد هطول الامطار,Flood/Severe Weather,Flood/Severe Weather,High,High
امطار متواصلة في الليثي في بنغازي مع انهيار اجزاء من الطرق,Flood/Severe Weather,Flood/Severe Weather,High,High
غمرت مياه السيول المنازل المكونة من طابقين بالمناطق المنخفضة في درنة ومحاصرة مواطن داخل خزان خرساني فوق اسطح البيوت حتى انحسار المياه,Flood/Severe Weather,Flood/Severe Weather,High,High
لينا خمسة ايام بدون ضي في بني وليد,Infrastructure/Utilities,Infrastructure/Utilities,High,Medium
تدفق سيول جارفة وامتلاء مجرى وادي درنة بمياه الامطار القادمة من الجبل الاخضر مما يهدد منطقة وسط البلاد وقرب جامع الصحابة بمدينة درنة,Flood/Severe Weather,Flood/Severe Weather,High,Critical
طفل مفقود مع دعوات للعثور عليه واعادته سالما,People at Risk/Medical,People at Risk/Medical,High,High
انتشار مرض حاد في مركز ايواء بقصر بن غشير وعشرات الحالات تتدهور بسرعة والمرافق فوق طاقتها,People at Risk/Medical,Flood/Severe Weather,Critical,High
مياه السيول دخلت منازل ماهولة وهناك عائلات تحتاج للمساعدة في الخروج,Flood/Severe Weather,Flood/Severe Weather,High,Medium
سقوط عمود انارة ناحية الطريق العام بطريق الخلاطات,Infrastructure/Utilities,Road/Transportation,Medium,Low
في سيارة ليها شهرين واقفة في شارع المعدات الطبية,Road/Transportation,Other,Low,Medium
خط غاز رئيسي يتسرب في الجميل والناس القريبين طلعوا بسبب خطر الاشتعال,Infrastructure/Utilities,Infrastructure/Utilities,Critical,Medium
مركبة فيها عدة اشخاص قلبت في الكيش في بنغازي وفيه اصابات خطيرة,Road/Transportation,Road/Transportation,High,High
هبوط بسيط في الطريق عند هون وسكروا مسار واحد لين يتم الاصلاح,Infrastructure/Utilities,Road/Transportation,Medium,Low
حريق داخل منزل واستجابة مركز الاتصال المحلي 1415 بعد بلاغ من غرفة وزارة الداخلية,Fire/Explosion,Fire/Explosion,High,High
انقطع الاتصال بالحاج م ع عمره 70 سنة من ما خرج من بيته في غريان,People at Risk/Medical,Other,High,High
شاحنة تعطلت وسط الطريق في القره بوللي وتوا يزحزحوها مافيش خطر مباشر,Road/Transportation,Road/Transportation,Low,High
الطريق في طريق المطار محتاج صيانة الحفر كل يوم تزيد,Road/Transportation,Road/Transportation,Low,Low
تسمم جماعي لاكثر من 30 واحد بعد ما كلوا من مطعم وجبات سريعة في حي الاندلس وفيه حالات خطيرة والمصحة ما قدرتش تستوعب العدد كله وبدوا يحولوهم لمستشفيات ثانية,People at Risk/Medical,People at Risk/Medical,Critical,High
سقوط شجرة كبيرة على سيارتين في النوفليين اثناء الزلزال فيه اشخاص عالقين داخل السيارات والوضع خطير,Flood/Severe Weather,People at Risk/Medical,High,Critical
حريق واسع في منطقة صناعية مع انتشار الدخان الى مناطق مجاورة,Fire/Explosion,Fire/Explosion,Critical,Critical
عدة مرضى يعانون من اصابات خطيرة ويحتاجون الى نقل عاجل,People at Risk/Medical,People at Risk/Medical,High,High
حادث سير بين مركبتين بطريق الشط اسفر عن اصابة بسيطة وتدخل دوريات المرور,Road/Transportation,Road/Transportation,Medium,Low
اندلاع عراك واطلاق نار بالاسلحة في محطة وقود بوترابة بمدينة اجدابيا بالقرب من باب الحارة,Other,Fire/Explosion,High,High
فيه عدد كبير من حالات الاختناق في شحات وفيه حالات حرجة ووفيات,People at Risk/Medical,People at Risk/Medical,Critical,Critical
تصدع وانهيار جزئي في مبنى مدرسي وتم اخلاء الطلاب احترازيا,Other,Other,High,Medium
انهيار جزئي في مبنى قديم وتم اخلاؤه دون وجود اصابات,Other,Other,Medium,Low
انهيار مبنى سكني من اربع طوابق في حي الاندلس بطرابلس نتيجة هزة ارضية قوية فيه سكان محاصرين داخل الشقق ونحتاج تدخل عاجل للانقاذ,Flood/Severe Weather,Other,High,Critical
حريق في سيارة ماشية قرب زليتن السائق طلع بروحه وعنده حروق بسيطة,Fire/Explosion,Fire/Explosion,Medium,Low
تسريب في مياه النهر الصناعي بشارع 24 ديسمبر ما تسبب في هبوط بالطريق العام وشكل خطورة على المواطنين,Infrastructure/Utilities,Infrastructure/Utilities,High,Low
تجمع مياه امطار في غدير ابولعابة بطريق عرادة,Flood/Severe Weather,Flood/Severe Weather,Low,Medium
لمبة انارة مطفية في شارع بزوارة البلاغ وصل ومفيش اسلاك مكشوفة,Infrastructure/Utilities,Infrastructure/Utilities,Low,Medium
عطل في محول كهربائي في تراغن قطع الكهرباء عن حي كامل,Infrastructure/Utilities,Infrastructure/Utilities,Medium,Low
منظومة الصكوك الالكترونية والمقاصة معطلة بين فروع المصارف كلها,Other,Other,Medium,Medium
تعرض مجموعة من شباب مدينة زلطن لمشاجرة واعتداء في بحر منطقة ابوكشفة مما ادى الى اصابة شاب بطعنة بسلاح ابيض,Other,Other,High,High
انفجار داخل ورشة ادى الى اصابة شخص بجروح خطيرة وتضرر جزء من المبنى,Fire/Explosion,Fire/Explosion,High,High
حادث سير على طريق المطار سيارة انزلقت واصطدمت بطابور شاحنات والسائق عالق داخل السيارة,Road/Transportation,Road/Transportation,High,Critical
حادث بين سيارة وشاحنة في طريق المطار في طرابلس والسواق مصاب,Road/Transportation,Road/Transportation,High,High
حالة داخل مستشفى طرابلس المركزي بشارع الزاوية تحتاج فصيلة دم B,People at Risk/Medical,People at Risk/Medical,Medium,Medium
تجمع محدود لمياه الامطار دون اضرار,Flood/Severe Weather,Flood/Severe Weather,Low,Low
اشتباكات صارت في السراج الضرب يوقف دقايق ويرجع من جديد,Other,People at Risk/Medical,Critical,Medium
اصطدام مركبة بشاحنة نقل القمامة بطريق الشط بالقرب من الاشارة الضوئية شط الهنشير ما اسفر عن اصابة 3 عمال وسائق المركبة,Road/Transportation,Road/Transportation,Medium,Low
حادث حافلتين في مرزق سبب وفيات واصابات هلبا,Road/Transportation,Road/Transportation,Critical,Critical
مشكلة مجارير في الخمس والمية طالعة للبيوت,Infrastructure/Utilities,Infrastructure/Utilities,High,High
حريق في مولد كبير في الكيش في بنغازي تسبب في انقطاع كهرباء بالمبنى,Fire/Explosion,Fire/Explosion,High,Medium
فيه شخص عالق في مصعد في قنفودة غرب بنغازي,People at Risk/Medical,People at Risk/Medical,Low,High
فيه شخص ضربته الشمس في صلاح الدين في طرابلس,People at Risk/Medical,People at Risk/Medical,Low,High
امطار غزيرة مع اغلاق طريق وتعطل مركبات,Flood/Severe Weather,Flood/Severe Weather,Medium,Medium
حادث سير وانقلاب مركبة على الطريق المؤدي الى مجمع 51 الصناعي في بني وليد ادى الى اصابة بليغة للسائق وعرقلة حركة السير,Road/Transportation,Road/Transportation,High,Critical
سيارتين حكن في بعضهن عند قصر بن غشير الموضوع مادي بس والطريق مفتوح,Road/Transportation,Other,Low,Medium
حادث سير على طريق المطار بالقرب من شارع سيدي سليم تمثل في اصطدام مركبة باحد الاشخاص,Road/Transportation,Road/Transportation,Medium,Medium
فيضانات واسعة في بوعطني في بنغازي مع انهيار منازل وسكان محاصرين,Flood/Severe Weather,Flood/Severe Weather,Critical,High
سيارة انقلبت عدة مرات في الليثي وفيه وفاة مؤكدة وفي اصابات خطيرة,Road/Transportation,Road/Transportation,High,High
شوية مطر في ودان والبالوعات ماشية كويس الوضع مستقر,Flood/Severe Weather,Other,Low,Low
فيه دخان ونار قوية والناس مش عارفة مصدرها لحد الان,Fire/Explosion,People at Risk/Medical,High,Critical
سيول مدمرة في زريق في مصراتة مع وفيات واصابات واضرار واسعة,Flood/Severe Weather,Flood/Severe Weather,Critical,Critical
الضي مقطوع على الفويهات كلها من بعد ما احترق كابل رئيسي,Infrastructure/Utilities,Infrastructure/Utilities,Medium,High
المطر سكرت طريق فرعي في سلوق لساعات المرور حول السيارات لمسار تاني,Flood/Severe Weather,Flood/Severe Weather,Medium,Low
غرق عدد من شوارع ومفترقات البيضاء بسبب غزارة الامطار,Flood/Severe Weather,Flood/Severe Weather,High,Medium
القمامة متراكمة في سوق الجمعة من ايام ونبو البلدية تشوف حل,Other,Other,Low,Medium
انهيار جزئي في جسر في سلوق جنوب بنغازي مع اغلاق الطريق,Infrastructure/Utilities,Flood/Severe Weather,High,Medium
طفل عمره 8 سنين مفقود من ما خرج من المدرسة في الخمس اللي عنده اي معلومة يتصل بالمركز,People at Risk/Medical,Other,High,High
تصادم كبير بين عدة مركبات مع اشخاص عالقين وخطر وقوع تصادمات اضافية,Road/Transportation,Road/Transportation,Critical,Critical
خبطة بسيطة بين سيارتين في الرجبان مافيش اصابات والسيارات تحركن من الطريق,Road/Transportation,Road/Transportation,Low,Low
تغطية مدار وليبيانا ما فيش بالمرة في وسط مدينة غات من بعد العاصفة حتى المكالمات العادية ما تمشيش نبو تدخل,Infrastructure/Utilities,Other,High,Low
تدحرج مركبة على الطريق الساحلي امام مصنع اللدائن باتجاه طرابلس,Road/Transportation,Road/Transportation,Medium,Medium
منظومة حجز الجوازات مقفلة كامل وموقع التسجيل ما يفتحش والناس تعبانة خاصة المرضى اللي يبو يتعالجوا برة,Other,Other,Medium,Medium
تجمع مياه كبير في سبها والطريق شبه مسكر,Flood/Severe Weather,Flood/Severe Weather,High,Medium
انفجار وقع في الاكاديمية البحرية بمنطقة الصياد اثر حريق عرضي,Fire/Explosion,Fire/Explosion,Critical,Critical
يا شركة الكهرباء عين زارة بدون ضي من البارح,Infrastructure/Utilities,Infrastructure/Utilities,Medium,Medium
محول كهرباء شاعل في تاجوراء والشرر واصل للطريق,Fire/Explosion,Infrastructure/Utilities,Critical,Medium
الطريق في طريق المطار واقف من الزحمة اللي يقدر ياخذ مسار ثاني,Road/Transportation,Road/Transportation,Medium,Medium
حادث في ملعب في الجفرة سبب اصابات جماعية سيارات الاسعاف والمستشفيات المحلية تجاوزت قدرتها,People at Risk/Medical,Road/Transportation,Critical,Critical
طفح واسع لشبكة الصرف الصحي في اجدابيا اغرق عدة شوارع ومنازل,Infrastructure/Utilities,Infrastructure/Utilities,High,Critical
انفجار صغير داخل ورشة دون اصابات او اضرار انشائية واضحة,Fire/Explosion,Fire/Explosion,Low,Low
حالة طارئة في البيضاء ومحتاجين سيارة اسعاف باسرع وقت,People at Risk/Medical,People at Risk/Medical,Critical,Critical
حادث مروري جماعي في غات فيه عدد من الضحايا,Road/Transportation,Road/Transportation,Critical,Critical
حريق في حديقة مستشفى العجيلات اليابسة بالعجيلات بجانب قسم الكلى والنيران ما زالت تنتشر حول المستشفى,Fire/Explosion,Fire/Explosion,High,High
ضباب الصبح في نالوت خفف الرؤية المرور ماشي ببطء بدون حوادث,Flood/Severe Weather,Infrastructure/Utilities,Low,Medium
فتحة الطريق في راس اجدير مسكرة والزحمة بدت تكبر,Road/Transportation,Road/Transportation,Medium,Medium
حريق بسيط في كشك تجاري في الهضبة في طرابلس,Fire/Explosion,Fire/Explosion,Medium,Low
قاعات الامتحانات في جامعة بنغازي ما فيهاش تكييف ولا تهوية والحرارة فوق ال 40 درجة,Other,Other,Low,Low
رياح قوية طيحت شجرة في رقدالين وجرحت شخص,Flood/Severe Weather,Flood/Severe Weather,Medium,Low
كل ال ATM في البيضاء واقفة وما فيهاش سيولة نبو يعبوها قبل عطلة العيد,Other,People at Risk/Medical,Medium,Low
مية النهر بدت تضعف عندنا في زليتن,Infrastructure/Utilities,Infrastructure/Utilities,Low,Medium
حادث سيارة منفردة دون اصابات والسيارة لا تعيق الطريق,Road/Transportation,Road/Transportation,Low,Low
ثلاثة مصابين اصابات متوسطة في حادث في الدافنية غرب مصراتة,People at Risk/Medical,Road/Transportation,High,High
وجود مركبة متوقفة على يسار الطريق قبل كوبري زناتة باتجاه الغرب مع احتمال تعرضها لحادث اصطدام,Road/Transportation,Road/Transportation,Low,High
اندلاع حريق وانفجار في خزان وقود تابع لمصفاة نفط في مدينة الزاوية,Fire/Explosion,Fire/Explosion,Critical,High
احتراق محطة كهرباء في طريق البينيا وشارع البرج بمنطقة عين زارة,Fire/Explosion,Infrastructure/Utilities,Critical,High
تجمع بسيط للمية قدام محل في يفرن,Flood/Severe Weather,Fire/Explosion,Low,Low
فيه مصاب في تاجورا بعد سقوطه في الطريق والناس واقفة معاه,People at Risk/Medical,People at Risk/Medical,High,High
حريق محدود داخل مخزن صغير في جنزور غرب طرابلس,Fire/Explosion,Fire/Explosion,Medium,Medium
عطل في عمود انارة في غريان,Infrastructure/Utilities,Infrastructure/Utilities,Low,Low
صفحات وهمية في الفيس بوك تقول عندها سيارات بالتقسيط وتطلب مقدم عن طريق رصيد مدار او ليبيانا وتنصب على الناس,Other,Other,Low,Medium
ارتفاع المياه في شارع سكني ودخولها الى عدد من الطوابق الارضية,Flood/Severe Weather,Other,Medium,Critical
واحد تزحلق في مية في شارع بن عاشور واصابته بسيطة تم تضميدها في المكان,People at Risk/Medical,Infrastructure/Utilities,Low,Medium
انقطاع كبير للكهربا في الرجبان اثر على المستشفى والمولد الاحتياطي فيه مشكلة,Infrastructure/Utilities,Infrastructure/Utilities,High,High
مريض يعاني من حالة تهدد الحياة ويحتاج الى تدخل طبي عاجل,People at Risk/Medical,People at Risk/Medical,High,Medium
تجمع مياه بسيط في شارع فرعي بعد امطار غزيرة والطريق ما زال مفتوحا,Flood/Severe Weather,Flood/Severe Weather,Low,Low
عدد من السجناء هربوا من سجن الجديدة بعد ما وصلت الاشتباكات للمناطق القريبة منه,Other,Other,High,Low
الضي هرب من الدهماني من بدري ومزال ما رجعش نبو نعرفوا شن السبب,Infrastructure/Utilities,Infrastructure/Utilities,Medium,Medium
منظومة مصرف الجمهورية فرع احمد الشريف قاطعة ليها ثلاث ايام والناس واقفة في الطوابير تحت الشمس والحر ودون فايدة,Other,Other,Medium,Medium
صار انفجار صغير لمعدة في مخبز في الزاوية اثنين مصابين اصابات مستقرة والمكان تسكر,Fire/Explosion,Fire/Explosion,Medium,Medium
نبي نبلغ على جزء هابط في طريق الهضبة طرابلس الوضع يزيد مع كل سيارة تمر من المكان,Road/Transportation,Infrastructure/Utilities,High,Low
عطل في محطة ضخ مياه في زليتن اثر على عدة احياء,Infrastructure/Utilities,Infrastructure/Utilities,Medium,Low
حادث مرور ادى الى اصابة خطيرة وشخص عالق داخل احدى السيارات,Road/Transportation,Road/Transportation,High,High
مسلحين مجهولين طلقوا النار على سيارة مواطن في طريق الشط بطرابلس وماتو سيدتين,Other,Road/Transportation,High,High
انقطاع مياه في الدهماني والناس تسال متى ترجع,Infrastructure/Utilities,Infrastructure/Utilities,Medium,Medium
حادث سير على طريق سرت الجفرة ادى الى اربع وفيات بينهم رضيع,Road/Transportation,Road/Transportation,Critical,Critical
ارتفاع كبير في منسوب مياه الامطار بكوبري وادي الربيع مما ادى الى احتجاز عدة مركبات وسط السيول,Flood/Severe Weather,Flood/Severe Weather,High,High
تصادم بين اكثر من سيارة في البركة في بنغازي وفيه اصابات مش خطيرة,Road/Transportation,Road/Transportation,Medium,High
45 وفاة غرقا على الساحل الشرقي الليبي منذ بداية الصيف مع انقاذ اكثر من سبعين شخصا,People at Risk/Medical,People at Risk/Medical,Critical,Critical
حريق في محل داخل درنة والدخان طالع بشكل كبير نبو المطافي بسرعة,Fire/Explosion,Fire/Explosion,High,Critical
لغوا واخروا رحلات الافريقية والليبية في مطار معيتيقة من غير ما يقولوا والمسافرين عالقين في صالات الانتظار ساعات طويلة,Road/Transportation,Road/Transportation,Medium,Low
انقلاب حافلة ركاب على الطريق الساحلي شرقي مدينة سرت ووقوع اصابات بين عدد من الركاب,Road/Transportation,Road/Transportation,High,High
انقطاع واسع للكهرباء اثر على عدة احياء ومرافق,Infrastructure/Utilities,Infrastructure/Utilities,Medium,Low
الجو متقلب والرياح قوية اللي بيطلع يخفف السرعة,Flood/Severe Weather,Flood/Severe Weather,Medium,Medium
تصادم مركبتين مع اصابات بسيطة وتعطل مسار واحد من الطريق,Road/Transportation,Road/Transportation,Medium,Medium
دخان ونار في طابقين من عمارة كبيرة بغريان فيه بلاغ على شخص ممكن مازال داخل,Fire/Explosion,People at Risk/Medical,High,High
طريق الشط تاجوراء ضلمة كامل من مدة طويلة بسبب اعمدة الانارة اللي خربانة,Infrastructure/Utilities,Infrastructure/Utilities,Low,Medium
شعلت النار في محطة كهرباء فرعية في حي ارض بن علي بمنطقة الفويهات والاطفاء موجودين في الموقع,Fire/Explosion,Fire/Explosion,Medium,High
العثور على جثمان وسيارة مواطن جرى اختطافه وقتله في وادي مرسيط جنوب مزدة بعد اختطافه من منطقة المشاشية,Other,People at Risk/Medical,High,High
شخص طاح من مكان عالي في وسط مدينة الزاوية واصابته متوسطة,People at Risk/Medical,People at Risk/Medical,High,High
تصادم داخل نفق عند مصراتة وسيارة شادة فيها النار وفيه واحد محاصر,Road/Transportation,Road/Transportation,High,Critical
سيارة كيا خرجت عن السيطرة في طريق المطار واصطدمت بسيارة تويوتا,Road/Transportation,Fire/Explosion,Medium,Low
حريق ضخم في مجمع سكني بدرنة عشرات الناس محاصرين والاخلاء واسع والفرق طلبت دعم من مدن ثانية,Fire/Explosion,Fire/Explosion,Critical,Critical
سيارة زلقت في بنغازي وخشت في سيارة ثانية الحيطة,Road/Transportation,Road/Transportation,High,High
اصابة شخص بطعنة بسكين في خمسة شوارع عين زارة بالقرب من جامع خليل,Other,Road/Transportation,High,Medium
الطريق في غريان مسكر توا بسبب اعمال صيانة,Road/Transportation,Road/Transportation,Medium,Medium
انهيار جزء كبير من جسر في هون مع ضحايا ومفقودين,Infrastructure/Utilities,Infrastructure/Utilities,Critical,Critical
شارع النجمة فيه عمود كهربا طايح من البارح,Infrastructure/Utilities,Infrastructure/Utilities,High,Critical
اندلاع حريق في محل للالعاب النارية المعروف باسم البورة بالقرب من مدرسة الزروق بمنطقة الحميدية,Fire/Explosion,Fire/Explosion,High,Medium
اصابة متوسطة لشخص واحد مع الحاجة للنقل للمستشفى,People at Risk/Medical,People at Risk/Medical,Medium,Medium
انهيارات ارضية واسعة بعد المطر في الخمس هدمت مباني وفيه عدد كبير تحت الركام,Flood/Severe Weather,People at Risk/Medical,Critical,High
المحول في معتيقة ضرب والشارع كله بدون كهرباء,Infrastructure/Utilities,Infrastructure/Utilities,High,High
وقوع حادث بين مركبتين بالطريق السريع في وادي الربيع بالقرب من تقاطع النشيع ما تسبب في ازدحام مروري,Road/Transportation,Road/Transportation,Medium,Medium
رماية مسموعة في طريق الجامعة والناس تبي تعرف شن صاير ابعدوا عن المكان,People at Risk/Medical,People at Risk/Medical,High,High
تدافع كبير في تجمع بالعجيلات سبب اصابات جماعية وحالات حرجة هلبا,People at Risk/Medical,Fire/Explosion,Critical,Critical
ثلاثة اشخاص عندهم اصابات متوسطة في حادث,People at Risk/Medical,Road/Transportation,Medium,Medium
نافطة واقفة في طريق المطار ومضيقة الطريق ردوا بالكم,Road/Transportation,Road/Transportation,Medium,Medium
ازمة غاز الطبخ خانقة في زليتن المستودعات مقفولة وسعر الاسطوانة في السوق السودة فات ال 80 دينار,Infrastructure/Utilities,Infrastructure/Utilities,Medium,High
انتشار كثيف للحشرات بالقرب من مدرسة بشير لاسطى في سوق الجمعة,Other,Other,Low,Medium
تسرب في خط صرف صحي رئيسي ادى الى حدوث هبوط بجزء من الطريق العام,Infrastructure/Utilities,Infrastructure/Utilities,High,High
حريق ممتد في مزارع واشجار في الزنتان يقترب من المنازل,Fire/Explosion,Fire/Explosion,Critical,Low
رماية مسموعة في الزاوية والناس تبي تعرف شن صاير ابعدوا عن المكان,People at Risk/Medical,People at Risk/Medical,High,High
انسرق محل تجاري بالليل في الحدائق بنغازي وخذوا فلوس وبضاعة,Other,Other,Low,Medium
اصابة مواطنة جراء اطلاق نار ونقلها لتلقي العلاج في مدينة تاجوراء,Other,Other,High,High
حادث مروري بسيط في راس لانوف والاضرار مادية بس,Road/Transportation,Road/Transportation,Low,High
حالة في وحدة العناية الفائقة بمستشفى طرابلس الجامعي تحتاج فصيلة دم B,People at Risk/Medical,People at Risk/Medical,High,Medium
فيه مصاب في البيضاء بعد سقوطه في الطريق والناس واقفة معاه,People at Risk/Medical,People at Risk/Medical,High,High
حالة مرضية بسيطة ومستقرة وتحتاج الى فحص طبي فقط,People at Risk/Medical,People at Risk/Medical,Low,Medium
عاصفة وسيول في البركة قطعت الطرق والكهرباء والمية عن منطقة واسعة وفيه اصابات جماعية,Flood/Severe Weather,Flood/Severe Weather,Critical,High
المية مقطوعة من الصبح نبو نعرفوا هل فيه عطل ولا صيانة,Infrastructure/Utilities,Infrastructure/Utilities,Medium,Medium
مصرع 13 شخصا غرقا في ثلاثة ايام على الشواطئ الليبية,People at Risk/Medical,People at Risk/Medical,Critical,Critical
عاصفة رملية كثيفة في سوق الجمعة في طرابلس عطلت الحركة على بعض الطرق,Flood/Severe Weather,Flood/Severe Weather,Medium,High
شخص طاح من سلم في صبراتة وعنده كسر واعي وحالته مستقرة والاسعاف نقله,People at Risk/Medical,People at Risk/Medical,Medium,Medium
مولد المنطقة في الكفرة وقف ساعة ورجع مافيش مرافق حساسة متاثرة,Infrastructure/Utilities,Flood/Severe Weather,Low,Medium
اعمال تخريب وتقطيع جائر للغطاء النباتي بمنطقة مراد مسعود في المرج,Other,People at Risk/Medical,Low,Medium
وجود فيضان مجاري في شارع الجرابة قبل مسجد القلالي وتحديدا وسط شارع مطعم تقسيم عند القدوم من جزيرة راس حسن,Infrastructure/Utilities,Other,Medium,Medium
راجل تعب شوية في قاريونس وتحسن بعد الاسعاف الاولي حالته مستقرة,People at Risk/Medical,People at Risk/Medical,Low,Medium
وفاة شخص واصابة ثلاثة اخرين اصابات خطيرة جراء حادث سير بالطريق الرابط بين وازن والغزايا,Road/Transportation,Road/Transportation,Critical,Critical
كابل معطوب جهد 30 كف تسبب في انقطاع الكهرباء,Infrastructure/Utilities,Infrastructure/Utilities,Medium,Medium
يا جماعة فيه حريقة صغيرة في كناسة في بو سليم الشباب طفوها ومفيش اصابات ولا انتشار,Fire/Explosion,Fire/Explosion,Low,Medium
ارتفاع جهد التيار الكهربائي الى 400 فولت في منطقة النجيلة بالمحلات المجاورة للاشارة الضوئية النجيلة,Infrastructure/Utilities,Flood/Severe Weather,High,High
هبوط مفاجئ في الارض في طريق الشط طرابلس وقفل الحركة كلها وخطر على السواقين,Road/Transportation,Infrastructure/Utilities,Medium,High
تصادم شاحنة بسيارة في شارع طرابلس باجدابيا ادى الى تضرر عمود انارة وحجز المركبتين,Road/Transportation,Road/Transportation,High,High
حريق في مستودع صغير وانتشار محدود للنيران مع تدخل فرق الاطفاء,Fire/Explosion,Fire/Explosion,Medium,High
حادث كبير في زحمة الجرابة وفي سيارات مشتعلة والوصول صعب للناس,Road/Transportation,Road/Transportation,Critical,High
العثور على امراة مقتولة داخل منزل بالقرب من مدرسة سيدة زينب في الهضبة الخضراء,Other,People at Risk/Medical,High,Low
مية المجاري فاضت في حي المنشية بسبها والريحة الخايبة مالية المكان,Infrastructure/Utilities,Infrastructure/Utilities,Medium,Medium
تخريب محطة كهرباء في شبنة,Infrastructure/Utilities,Infrastructure/Utilities,Medium,High
فقدان احد المواطنين الوعي نتيجة هبوط حاد في كوبري المعاقين بجنزور بالقرب من مطعم الشنابو,People at Risk/Medical,Infrastructure/Utilities,High,High
انفجار في مخزن باوباري خلى واحد يتوفى واثنين مصابين والمكان مش مستقر,Fire/Explosion,Fire/Explosion,High,Critical
فيه اطلاق نار ناحية البيضاء الافضل ما حدش يقرب توا,People at Risk/Medical,People at Risk/Medical,High,High
حريق واسع في مستودع مواد قابلة للاشتعال في بني وليد مع وفيات,Fire/Explosion,Fire/Explosion,Critical,Critical
السائق محشور في السيارة في الزاوية والشباب يحاولوا يطلعوه,People at Risk/Medical,People at Risk/Medical,Critical,Critical
اندلاع حريق في مزرعة خلف التربولي مول بالقرب من مسجد اويس القرني,Fire/Explosion,Fire/Explosion,Medium,Medium
شخص طاح في حفرة ضحلة في الهواري في بنغازي,People at Risk/Medical,People at Risk/Medical,Medium,Medium
اندلاع حريق في سيارة بالقرب من كوبري المصانع,Fire/Explosion,Fire/Explosion,Low,High
اندلاع حريق شمل 8 مركبات بمنطقة سوق الخميس قرب الكوبري,Fire/Explosion,Fire/Explosion,High,Medium
مشكلة في تصريف مياه الامطار بمنطقة تلبيغة محلة الفتح تشمل غدير الضيافات وغدير الصوابر وطريق 16,Infrastructure/Utilities,Flood/Severe Weather,Medium,Low
اعتداء على مسجد الامام القرطبي بحي الزيتون في طبرق تخلله تخريب واحراق عدد من المصاحف,Other,People at Risk/Medical,Medium,Low
انفجار صغير في ورشة ادى الى اضرار مادية محدودة واصابة خفيفة,Fire/Explosion,Fire/Explosion,Medium,Low
منشور للاستفسار فقط هل الخدمة متوفرة اليوم ولا لا,Other,Other,Low,Low
نبو اسعاف بسرعة في قرقارش فيه مصاب محتاج نقل للمستشفى,People at Risk/Medical,People at Risk/Medical,Critical,Critical
محطة كهرباء كبيرة قرب السراج ولعت فيها النار وخطرالانفجار يهدد المنطقة,Infrastructure/Utilities,Fire/Explosion,Critical,Critical
يا بلدية مصراتة شنو وضع الحفرة اللي في طريق الجزيرة كل يوم سيارة تنخبط منها,Road/Transportation,Road/Transportation,Medium,Low
نبي نفهم بس علاش كل مرة نفس الفوضى ومافيش تنظيم,Other,Road/Transportation,Low,Low
انقطاع الكهرباء بشكل متكرر خلف جهاز الحرس البلدي بالقرب من مصرف الجمهورية في الظهرة,Infrastructure/Utilities,Infrastructure/Utilities,Medium,Medium
صوت انفجار في موقع مفتوح دون اصابات او اضرار مؤكدة بعد المعاينة الاولية,Fire/Explosion,Fire/Explosion,Low,Low
تدفق سيول جارفة شديدة القوة تؤدي الى جرف وانقلاب شاحنة نقل وسط مجرى المياه في منطقة سكنية في درنة,Flood/Severe Weather,Flood/Severe Weather,High,Critical
حريق وقود في منطقة حمده بالقرب من الثانوية في مدينة جميل ادى الى وفاة شخصين,Fire/Explosion,Fire/Explosion,High,High
اندلاع حريق في عمود كهرباء خشبي بجانب مسجد هارون الرشيد في عين زارة بمقسم السعداوي,Fire/Explosion,Fire/Explosion,Medium,High
حريق كبير في محل حلويات ومقهى غرناطة في تاجوراء والنار انتشرت لكذا عمارة سكنية حداه والاهالي يتخلوا بالعشرات والاطفاء المحلي مش قادر يسيطر عليها,Fire/Explosion,Fire/Explosion,Critical,High
البنزينة في الخمس زحمة والطابور واصل للطريق العام,Infrastructure/Utilities,Infrastructure/Utilities,Medium,Medium
سيول واسعة قطعت الطرق واثرت على عدة مناطق سكنية وتحتاج عمليات انقاذ,Flood/Severe Weather,Flood/Severe Weather,Critical,Critical
اصابة مهندس بصعق كهربائي اثناء صيانة احد الخطوط ونقله لتلقي العلاج,People at Risk/Medical,Fire/Explosion,Medium,High
اندلاع حريق في سيارة على طريق المشتل بعين زارة في طرابلس عقب انقلابها اثر حادث سير مع تسجيل اصابات,Fire/Explosion,Fire/Explosion,High,High
فيه شخص عالق داخل سيارة بعد حادث في البيضاء ونبو اسعاف وانقاذ,People at Risk/Medical,People at Risk/Medical,Critical,Critical
مكتب الشؤون الاجتماعية طبرق فوضى كبيرة والموظفين غايبين كامل,Other,Other,Low,Medium
المية ضعيفة هلبا في حي شبنة ببنغازي والناس مضطرة تشري من النافطة,Infrastructure/Utilities,Infrastructure/Utilities,Medium,Medium
حريق واسع في مستودع وقود مع خطر امتداد النيران الى خزانات اخرى,Fire/Explosion,Fire/Explosion,Critical,High
حريق في سيارتين داخل موقف في قنفودة غرب بنغازي,Fire/Explosion,Fire/Explosion,Medium,High
ماس كهربائي والع في واجهة محل في السراج,Fire/Explosion,Fire/Explosion,Low,Medium
تسرب محدود من شبكة المياه في مرزق,Infrastructure/Utilities,Infrastructure/Utilities,Low,Medium
خط غاز ضخم انفجر في تاجوراء وسبب حرائق متسلسلة السكان يتخلوا من عدة احياء,Infrastructure/Utilities,Infrastructure/Utilities,Critical,Critical
سقوط كابل كهرباء على الطريق العام بمنطقة بير العالم بالقرب من سوق خميرة,Infrastructure/Utilities,Infrastructure/Utilities,High,High
تصادم ناقلات وقود قرب الكفرة مع انفجارات متتابعة وتهديد مباشر لاحياء مجاورة,Road/Transportation,Road/Transportation,Critical,High
خمور مسمومة في بوهديمة بنغازي تسببت في فقدان شخص لبصره,Other,People at Risk/Medical,High,High
تعرض ممتلكات وشاحنات احد رجال الاعمال للسرقة والاستيلاء في مدينة سبها,Other,Other,Medium,High
كسر كبير في خط مياه رئيسي في البريقة مع انقطاع واسع للامداد,Infrastructure/Utilities,Infrastructure/Utilities,High,Medium
ازدحام مروري من مطار معيتيقة الدولي حتى كوبري 11 يونيو,Road/Transportation,Road/Transportation,Low,Medium
من البارح ونحن ندوروا في سبها على سيارة انسرقت من قدام محل في المنشية,Other,Infrastructure/Utilities,Medium,Low
حريق في ورشة سيارات داخل محطة بنزين البنوني بمنطقة الهواري في بنغازي مع استمرار النيران وخطر امتدادها,Fire/Explosion,Fire/Explosion,High,Critical
ثلاث مركبات تصادمن في الخمس في الطريق الساحلي وسط الطريق واحد حالته مهددة للحياة واحتمال حادث ثاني عالي,Road/Transportation,Road/Transportation,High,High
انفجار في مبنى ماهول في سرت مع اشخاص تحت الانقاض,Fire/Explosion,Fire/Explosion,Critical,Critical
انسداد خط صرف صحي وتجمع مياه امطار في مكتب خدمات الزاوية,Infrastructure/Utilities,Infrastructure/Utilities,Low,Low
شخص لدغته عقرب في مرزق ووصل للمستشفى بدري وحالته تحت المتابعة,People at Risk/Medical,People at Risk/Medical,Medium,High
صار انهيار في مبنى ماهول في درنة وفيه وفيات وناس محاصرين,People at Risk/Medical,Flood/Severe Weather,Critical,Critical
حريق داخل ورشة في طريق الشط في طرابلس مع اصابة شخص بحروق طفيفة,Fire/Explosion,Fire/Explosion,High,High
