report,incident_type,priority
فيه عدة اشخاص مفقودين في ترهونة,People at Risk/Medical,High
مفيش نافطة بسهولة في معتيقة والطوابير خانقة الشارع,Infrastructure/Utilities,Medium
حريق في منزل قديم واعشاب بمنطقة سوق الجمعة وطريق الخدمات قرب مسجد التياني,Fire/Explosion,High
المية مقطوعة على اوباري من الصبح ومفيش توضيح,Infrastructure/Utilities,Medium
حريق مصنع في غات مش مسيطرين عليه بالكامل والدخان ماشي ناحية منطقة سكنية قريبة,Fire/Explosion,High
منخفض قوي ضرب الزاوية وخلى وفيات واصابات هلبا المستشفيات والاسعاف طلبوا تعزيزات عاجلة,Flood/Severe Weather,Critical
انسداد مزاريب ومصارف الامطار بمنطقة غوط الشعال وتراكم المياه بكثافة امام المحال التجارية والمباني,Flood/Severe Weather,Medium
عمليات انقاذ للعالقين في وادي اولاد شكر بين الخمس وزليتن بعد سيلان الوادي,People at Risk/Medical,High
الاشتراك خلص والمنظومة مش راضية تجدد من البارح في بنغازي,Infrastructure/Utilities,Low
وقوع حادث سير امام جوازات صلاح الدين,Road/Transportation,Medium
لقوا حشرات في المعجنات عند واحد من المخابز الكبيرة وسط مصراتة,People at Risk/Medical,Low
انفجار بسيط في اسطوانة داخل ورشة في البركة عاملين تعالجوا وحالتهم مستقرة,Fire/Explosion,Medium
ارتفاع كارثي في منسوب مياه فيضان مدينة درنة يتجاوز ارتفاع ستة طوابق مما ادى الى غمر كامل للمباني السكنية,Flood/Severe Weather,Critical
13 حالة غرق على الشواطئ الليبية خلال ثلاثة ايام مع انقاذ نحو 20 شخصا اخرين,People at Risk/Medical,Critical
شخص محاصر داخل بئر في اجدابيا والوصول له صعب,People at Risk/Medical,High
حادث بين شاحنة وعدة سيارات في بوعطني في بنغازي وفيه اصابات خطيرة,Road/Transportation,High
حريق ضخم التهم مخزنا لاحد التجار في تاجوراء شرق طرابلس,Fire/Explosion,High
فيه ناس محاصرين بالمية في قرقارش ونبو فرق انقاذ,People at Risk/Medical,Critical
شاحنة قلبت فوق سيارات في غدامس فيه وفيات وناس محاصرين,Road/Transportation,Critical
تعطل كامل للاتصالات والطاقة في وادي الربيع ومناطق مجاورة عمليات الطوارئ متوقفة وتحتاج دعم خارجي واسع,Infrastructure/Utilities,Critical
كذا حساب مصرفي لرجال اعمال انخرقت الكترونيا وسحبوا منها مبالغ ضخمة عن طريق تطبيقات الموبايل,Other,Medium
سيارة طلعت على الرصيف في الجميل السائق بخير والحركة رجعت عادي,Road/Transportation,Low
وجود سيارة محروقة على الطريق العام في غوط الشعال بالقرب من شارع 11 العطرية,Fire/Explosion,Low
دخان وحريق بسيط في لوحة كهربائية داخل متجر في عين زارة في طرابلس,Fire/Explosion,Medium
حريق في منزل ماهول مع اصابة شخص ونقله للعلاج,Fire/Explosion,High
انقطاع المياه في عدة مناطق في طرابلس تشمل السدرة وعرادة والدهماني وشرفة الملاحة,Infrastructure/Utilities,High
تجمع مياه امام عدد من المنازل في الكفرة,Flood/Severe Weather,Low
ربي يصلح الحال الموضوع كله سوء تنظيم وخلاص,Other,Low
فيه مجموعة ناس في خطر في اوباري وعندهم اصابات,People at Risk/Medical,High
الضي مقطوع من ساعات ومفيش حتى توضيح من الشركة,Infrastructure/Utilities,Medium
سيول متتابعة في مصراتة جرفت سيارات وحاصرت مئات السكان كل الموارد المحلية مستخدمة,Flood/Severe Weather,Critical
عاصفة قوية ضربت السراج وخربت بيوت هلبة المستشفى المحلي يخدم على الطوارئ,Flood/Severe Weather,High
سيول جارفة في الهواري في بنغازي مع وفيات ومفقودين,Flood/Severe Weather,Critical
سيارة شادة فيها النار في طريق الجبس والناس تحاول تبعد السيارات,Fire/Explosion,Critical
الوضع في سوق الجمعة من ناحية النظافة سيء ومحتاج متابعة,Other,Low
سعر كيلو اللحمة طلع 65 دينار في طرابلس وما فيش حسيب ولا رقيب,Other,Low
بلاغ عن اصطدام ثلاث مركبات الية واستجابة مركز الاتصال المحلي 1415,Road/Transportation,High
وفاة شاب اثر حادث سير مروع بطريق السكة بسبب السرعة الزائدة,Road/Transportation,Critical
اعضاء هيئة التدريس في جامعة طرابلس عاملين اعتصام وداخلين في اضراب مفتوح والفصل الدراسي مهدد بالالغاء والطلبة حتضيع عليهم سنة,Other,Medium
فيه حريق داخل مخزن في اجدابيا والمطافي مطلوبة بشكل عاجل,Fire/Explosion,Critical
حريق في محطة الزاوية الجنوبية تسبب في انقطاع كامل للكهرباء وفق الشركة العامة للكهرباء,Fire/Explosion,High
شخص كبير في السن خرج من بيته في سبها وما رجعش اخر مشاهدة كانت قرب سوق الجديد,Other,High
نبو اسعاف بسرعة في البيضاء فيه مصاب محتاج نقل للمستشفى,People at Risk/Medical,Critical
تنفيذ 4 عمليات سطو مسلح في ليلة واحدة بمدينة الجميل باستخدام سيارة تويوتا كامري شملت سرقة مبلغ 20 الف دينار من مواطن تحت تهديد السلاح,Other,High
موج عالي خش للكورنيش في قصر بن غشير وضر سيارات واقفة المنطقة تسكرت احتياط,Flood/Severe Weather,Medium
قصر بن غشير الضي مقطوع فيها اكثر من 12 ساعة والمولدات خلصت الديزل,Infrastructure/Utilities,Medium
اصطدام مركبة بالسياج الفاصل بين المسارين بالطريق الساحلي في تاجوراء بالقرب من شيل الرباش باتجاه الشرق,Road/Transportation,Medium
هبوط في جزء من الطريق في بني وليد مع اغلاق مسار واحد,Infrastructure/Utilities,Medium
حادث اصطدام قرب برج ابو ليلة اسفر عن اصابات في مكان الحادث,Road/Transportation,High
تخزين البطاطا لفترة طويلة في محل للخضروات بمنطقة ابو مليانة بالقرب من مسجد قصودة ما ادى الى ظهور فطريات وانبعاث رائحة كريهة,Other,Low
النت فاصل كامل في السراج من الصبح وما فيش تغطية للدي اس ال كلمنا الدعم الفني ومحد رد علينا,Infrastructure/Utilities,Medium
مشاكل وطوابير مرعبة قدام مستودع الغاز في الهواري بنغازي,Infrastructure/Utilities,Medium
البحر دخل لمسافة كبيرة داخل زليتن والناس تهرب من عدة احياء الوضع فوق قدرة البلدية,Flood/Severe Weather,Critical
منظومة السجل المدني الرئيسي في طرابلس واقفة بسبب عطل فني في الخوادم وكل المعاملات الرسمية موقفة,Other,Medium
وقوع حادث اصطدام لسيارة اجرة بطريق السكة مع وجود خطر سقوطها في الوادي,Road/Transportation,High
سقوط جزء صغير من سور منزل مهجور دون وجود اشخاص بالقرب منه,Other,Low
محاولة تفجير محطة التحلية وخزانات المياه في مدينة الزاوية,Other,High
زحمة هلبة في طريق المطار والحركة واقفة تقريبا,Road/Transportation,Medium
اكثر من عشر مركبات تصادمن قرب سبها عدد كبير من المصابين والطريقين مسكرين بالكامل,Road/Transportation,Critical
حالة في قرجي تحتاج سيارة اسعاف لنقلها الى مصحة صرمان بجانب مسجد اسامة,People at Risk/Medical,Medium
الطريق بعد سيمافرو القلب باتجاه الشرق شبه مغلق بسبب ازدحام شديد,Road/Transportation,Low
طوابير طويلة قدام صراف الامان بمصراتة وتوا قالوا خلصت السيولة,Other,Low
قارب مفقود قرب ساحل بني وليد وعلى متنه عدة اشخاص البحث البحري مستمر,People at Risk/Medical,High
كابل الالياف الرئيسي انقطع وقت حفر عشوائي وواقفة منظومات الجوازات والمصارف في سبها كلها,Infrastructure/Utilities,High
حالة داخل المستشفى الطبي بقسم النساء والولادة تحتاج فصيلة دم B,People at Risk/Medical,Medium
حادث سير في راس اجدير والرجاء اللي مستعجل يتفادى الطريق,Road/Transportation,High
سقوط عامل بناء من الطابق الثالث بالقرب من الاشارة الضوئية البطاطا,People at Risk/Medical,High
عطل فني بدائرة شمال بنغازي ادى الى انقطاع الكهرباء عن خطوط الربط بين المناطق,Infrastructure/Utilities,Medium
مقتل شاب عقب تعرضه لاعتداء في منطقة الحباشة بوادي الربيع,Other,High
سيول تضرب مدينة غات,Flood/Severe Weather,High
فجر اليوم تم اغلاق طريق المطار من بعد كوبري الخزانات باتجاهه للمطار لاستكمال اعمال رصف الطريق ومازالت الطريق مقفلة,Road/Transportation,Medium
قيام مهاجر غير شرعي بسرقة احد المساجد في مدينة بنغازي,Other,Medium
رماية مسموعة في قرقارش والناس تبي تعرف شن صاير ابعدوا عن المكان,People at Risk/Medical,High
فتحة الطريق في طريق المطار مسكرة والزحمة بدت تكبر,Road/Transportation,Medium
شاحنة عاطلة في راس اجدير ومسببة اختناق في المرور,Road/Transportation,Medium
تجمع مياه امطار على جانب طريق المطار بسبب عدم وجود فتحات تصريف في الحاجز الخرساني,Infrastructure/Utilities,Low
حادث تصادم بين سيارتين في عين زارة ادى الى وفاة شخصين واصابة اخر,Road/Transportation,Critical
فيضانات وسيول مدينة درنة عقب اعصار دانيال,Flood/Severe Weather,Critical
انهيار مبنى متعدد الطوابق مع عدد من المفقودين تحت الانقاض,Other,Critical
انفجار في سوق مزدحم بودان سبب اصابات جماعية والمستشفيات طالبة تعزيزات عاجلة,Fire/Explosion,Critical
ضغط المية ضعيف توا في صرمان لكن الخدمة ما وقفتش بالكامل,Infrastructure/Utilities,Low
فيه عدة اشخاص عندهم اصابات خطيرة في غدامس,People at Risk/Medical,High
السائق محشور في السيارة في البيضاء والشباب يحاولوا يطلعوه,People at Risk/Medical,Critical
ارتفاع كبير في منسوب المياه في صلاح الدين في طرابلس مع اغلاق طرق رئيسية,Flood/Severe Weather,High
حريق واسع في منشاة صناعية مع خطر انتشار المواد القابلة للاشتعال,Fire/Explosion,Critical
حريق في منطقة القطرون اتلف ممتلكات وارزاقا دون تسجيل خسائر بشرية اولية,Fire/Explosion,High
تحرك اليات امنية لانقاذ العالقين في بوعطني وسي منصور ببنغازي بعد السيول,People at Risk/Medical,High
توقف قلب لمريض واحد مع الحاجة الى تدخل اسعافي فوري,People at Risk/Medical,High
مدرسة في الكفرة سقوفها بدت تطيح والمية تنزل داخل الفصول وخطر حقيقي على الاطفال,Other,High
انهيار واسع لمبنى سكني مع عدة اشخاص عالقين واحتياج لفرق انقاذ متخصصة,Other,Critical
حادث بين سيارتين في ابو سليم وفيه اثنين مصابين حالتهم مستقرة والاسعاف نقلهم,Road/Transportation,Medium
فيضانات خطيرة في طمينة في مصراتة قطعت الطرق وهددت حياة السكان,Flood/Severe Weather,High
توقف الاتصالات والطاقة مع بعض في الجفرة وعطلوا استجابة الاسعاف والاطفاء,Infrastructure/Utilities,High
انفجار داخل مبنى مع اصابة خطيرة وشكوك حول استقرار السقف,Fire/Explosion,High
محطة صرف كبيرة في توكرة خرجت عن الخدمة والتلوث وصل لمنطقة سكنية,Infrastructure/Utilities,High
لغوا رحلة تونس من غير ما يبلغوا المسافرين قبل والعائلات متكدسة في مطار معيتيقة,Road/Transportation,Low
انقطاع الاتصالات والانترنت بالكامل عن مدينة الزاوية بسبب تخريب الغرفة الرئيسية لخطوط ابراج التغطية,Infrastructure/Utilities,High
عدة اشخاص اصيبوا باصابات متوسطة في موقع واحد ويحتاجون للنقل,People at Risk/Medical,Medium
مياه الصرف الصحي فاضت في جنزور وبدت تخش للحيشان نبو فريق الصيانة يشوف المشكلة بسرعة,Flood/Severe Weather,Medium
سيول قوية حاصرت منازل واغلقت طرقا رئيسية,Flood/Severe Weather,High
فيه شخص مغمى عليه في الليثي في بنغازي,People at Risk/Medical,Low
الطريق في راس اجدير محتاج صيانة الحفر كل يوم تزيد,Road/Transportation,Low
حريق بشاحنة وقود في محطة بنزين بمنطقة شبنة,Fire/Explosion,Critical
فقد اكثر من ستين مهاجرا بعد غرق قارب قبالة سواحل ليبيا وتم انقاذ خمسة واربعين,People at Risk/Medical,Critical
حالة في منطقة مسلاتة العمامرة تحتاج نقلا الى مصحة الصفاء في الخمس,People at Risk/Medical,Medium
انهيار جزء من جدار قديم دون وجود اشخاص في المكان,Other,Low
حريق غرفة في حوش في سيدي حسين باقي الحوش سليم والناس طلعت قبل وصول المطافي,Fire/Explosion,Medium
انهيار مبنى خدمي في تاجوراء شرق طرابلس مع اشخاص محاصرين تحت الانقاض,Infrastructure/Utilities,Critical
شارع كوبري الفروسية جامع زيتونة منذ امس في الليل بدون كهرباء بسبب خلل في المحول,Infrastructure/Utilities,Medium
الطريق في سوق الجمعة مسكر توا بسبب اعمال صيانة,Road/Transportation,Medium
شلالات وفيضانات محلية اثر امطار غزيرة على منطقة القلعة في يفرن,Flood/Severe Weather,High
شارع الحدائق في بنغازي محتاج صيانة من زمان الطريق كله تكسير خاصة بعد الامطار,Road/Transportation,Medium
الارض هبطت في عدة شوارع بطريق الشط وانهارت مباني,Infrastructure/Utilities,Critical
وفاة شخص اجنبي الجنسية اثر تعرضه لحادث دهس مروري اثناء عبوره بالطريق السريع في طرابلس بالقرب من جسر المشاة,Road/Transportation,High
فيه اطلاق نار ناحية الزاوية الافضل ما حدش يقرب توا,People at Risk/Medical,High
حالة تسمم قوية في هون والمصاب داخل في غيبوبة الاسعاف طلب دعم طبي,People at Risk/Medical,High
سيول قوية في جنزور غرب طرابلس حاصرت عددا من المنازل,Flood/Severe Weather,High
طفح مياه صرف صحي في البيضاء اغلق شارعا فرعيا,Infrastructure/Utilities,Medium
سبعة غرقى وستة عشر ناجيا على السواحل الليبية خلال يوم واحد,People at Risk/Medical,High
تسرب في خط صرف صحي رئيسي تسبب في هبوط بجزء من الطريق العام بمنطقة الهضبة الكيزة,Infrastructure/Utilities,High
حريق محدود في غرفة كهرباء بمبنى اداري وتم فصل مصدر الكهرباء,Fire/Explosion,Medium
سيارات واقفة في شارع قرجي بطرابلس تعرضت للتكسير,Other,Medium
سيول جارفة اثرت على عدة احياء وادت الى اجلاء اعداد كبيرة من السكان,Flood/Severe Weather,Critical
مية المطر تجمعت وشوارع البيفي غرقت والسيارات طايحة في الحفر,Flood/Severe Weather,Medium
عامل جرح يده جرح خفيف في مصراتة ومافيش نزيف خطير,People at Risk/Medical,Low
مركبة فيها عدة اشخاص قلبت في غريان فيه وفيات واصابات حرجة,Road/Transportation,Critical
الموج دخل لمنطقة سكنية في طريق الشط والاخلاء مهم بسبب استمرار الريح,Flood/Severe Weather,High
امطار غزيرة سببت تجمعات مياه محدودة دون اضرار كبيرة,Flood/Severe Weather,Low
الدائري الثالث من جهة حي دمشق في حفرة من كبرها بتبلع السيارة حد يشوفلنا حل,Road/Transportation,High
انهيار سقف مبنى ماهول مع شخص مفقود واحتمال وجود مصابين,Other,High
تصادم عند مفترق طريق الشط تسبب في ثلاث اصابات غير خطيرة المرور ينظم توا,Road/Transportation,Medium
طفلة مريضة على متن قارب هجرة غير شرعية في وضع صحي طارئ,People at Risk/Medical,High
شاب علق في مصعد خمس دقايق وطلعوه مافيش اصابات,People at Risk/Medical,Low
اسلاك ضغط عالي طايحة وسط شارع في القره بوللي وشخص تعرض لصعقة وحالته حرجة,Infrastructure/Utilities,High
حادث خفيف عند رقدالين تسبب في زحمة بسيطة لا اصابات ولا تسريب وقود,Road/Transportation,Low
حريق واسع في سوق في زريق في مصراتة مع تضرر عدد من المحال,Fire/Explosion,High
انفجار انبوب مياه النهر الصناعي بخط 400 في اجدابيا ادى الى غرق طرق ومنازل,Infrastructure/Utilities,Critical
وقوع حادث اصطدام بالقرب من برج ابو ليلة ما اسفر عن وقوع اصابات,Road/Transportation,Medium
امطار غزيرة في البريقة تسببت في اغلاق طريق فرعي,Flood/Severe Weather,Medium
نداء انساني الشاب ا م خرج من بيته في غوط الشعال وانقطع الاتصال بيه كامل وسيارته لقوها واقفة في جنب الطريق,People at Risk/Medical,High
مياه سطحية غمرت جزءا صغيرا من الطريق دون دخولها للمنازل,Flood/Severe Weather,Low
اندلاع حريق داخل صيدلية بالدور الارضي لاحدى العمارات في ابو هريدة,Fire/Explosion,Medium
عدة اسر محاصرة فوق السطوح في حي الاندلس والمية مستمرة في الارتفاع,Flood/Severe Weather,High
حادث في صلاح الدين في طرابلس فيه مصابين والطريق تسكر مؤقتا,Road/Transportation,High
حريق كبير في منشاة مزدحمة في الخمس مع عشرات الاصابات,Fire/Explosion,Critical
امطار وسيول شديدة في الكيش في بنغازي مع قتلى واجلاء اعداد كبيرة من السكان,Flood/Severe Weather,Critical
انهيار واسع في شبكة الصرف بحي الاندلس لوث مصادر المية,Infrastructure/Utilities,Critical
دهس متفرجين وسقوط فرسان اثناء مهرجان لمة اعقاد بمدينة الخمس مع وجود مصابين,People at Risk/Medical,High
حريق داخل مقهى مشواي بجانب مطعم كودو في فيلات البيبسي بطرابلس ادى الى وفاة شخصين,Fire/Explosion,High
انفجار ذخيرة داخل معسكر جنوب مصراتة يتبعه اشتعال النيران وتصاعد كثيف للدخان,Fire/Explosion,Critical
ريح حركت حواجز خفيفة في بني وليد تم تعديلها ومفيش اضرار ثانية,Flood/Severe Weather,Low
سرقة محل ملابس في شارع طرابلس بمصراتة كاسرين الباب وداخلين في الليل,Other,Medium
تصادم بين ثلاثة سيارات وفيه زوز مصابين,Road/Transportation,High
غبار خفيف في اجدابيا والرؤية مازالت مقبولة مافيش طرق مسكرة,Flood/Severe Weather,Low
احتراق مخلفات في منطقة مفتوحة بعيدا عن المنازل وتمت السيطرة عليه,Fire/Explosion,Low
سقوط جدار خارجي صغير دون اصابات والمبنى المتبقي مستقر,Other,Low
انفجار اسطوانة غاز يشعل حريقا داخل مقهى بابو سليم ويخلف قتيلين واصابة احد عناصر الاطفاء,Fire/Explosion,Critical
حادث كبير وفيه اصابات خطيرة والطريق مسكر,Road/Transportation,High
رياح قوية وسقوط اغصان اشجار في البيضاء,Flood/Severe Weather,Low
ارتفاع سريع للمياه ادى الى محاصرة اشخاص داخل منازلهم,Flood/Severe Weather,High
حادث بسيط قدام الاشارة في تاورغاء المرور جي والدنيا ماشية,Road/Transportation,Low
فيه شخص عالق داخل سيارة بعد حادث في الزاوية ونبو اسعاف وانقاذ,People at Risk/Medical,Critical
عاصفة شديدة في الدافنية غرب مصراتة مع انهيار مبان وسقوط ضحايا,Flood/Severe Weather,Critical
غمر كامل للطوابق الارضية للمباني السكنية والطرق المجاورة بمياه الفيضانات ليلا في مدينة درنة,Flood/Severe Weather,High
سيور الشنط في مطار بنينا الدولي ببنغازي خربانة وامتعة المسافرين متكدسة وفوضى والمسافرين محتجين,Road/Transportation,Low
حالة طارئة في قرقارش ومحتاجين سيارة اسعاف باسرع وقت,People at Risk/Medical,Critical
اصابة طعنية في البطن لمواطن في المرج ادت الى نزيف حاد واستدعت جراحة طارئة,People at Risk/Medical,High
انقطاع كهرباء عن شارع واحد في يفرن,Infrastructure/Utilities,Low
النت ضعيف هلبا في حي الاندلس,Infrastructure/Utilities,Low
سيارة دخلت في واجهة محل بالسراج اصابة واحدة مستقرة والمكان تم تامينه,Road/Transportation,Medium
واحد مدفون جزئيا بعد انهيار ترابي في يفرن,People at Risk/Medical,High
انقطاع الكهرباء عن مدينة الكفرة بسبب عطل في احد الكوابل,Infrastructure/Utilities,Medium
الهواء قوي هلبة في ابو سليم ردوا بالكم من الحواجز واللوحات,Flood/Severe Weather,Low
طفل طاح وهو يلعب في بنغازي وعنده خدش بسيط اهله معاه ومش محتاج اسعاف عاجل,People at Risk/Medical,Low
عائلة عالقة بسبب تجمع المياه في البيضاء ومحتاجة مساعدة,People at Risk/Medical,Critical
سيارة كبيرة عاطلة في سلوق جنوب بنغازي ومسببة بطء في حركة المرور,Road/Transportation,Low
ارتفاع كارثي للمية في سيدي حسين غمر مستشفى واحياء سكنية نقل المرضى جاري بصعوبة,Flood/Severe Weather,Critical
الطريق في غريان واقف من الزحمة اللي يقدر ياخذ مسار ثاني,Road/Transportation,Medium
سيارة خشت في عمود انارة في طريق الشط في طرابلس وفيه زوز مصابين,Road/Transportation,High
تسرب كبير من خط مياه في الخمس غمر جزءا من الشارع,Infrastructure/Utilities,Medium
كوبري المشاة في طريق الشط محتاج تنظيف,Infrastructure/Utilities,Low
دخان طالع من مخزن في الهضبة والريحة قوية نبو المطافي والاسعاف يجو للمكان,Fire/Explosion,Medium
الصرف فاض في عدة شوارع بشحات البلدية سكرت المكان وجابت مضخات,Infrastructure/Utilities,Medium
شاحنة محملة وقود زاغت فوق كوبري حي السلام في بنغازي والبنزين ساح في الطريق,Fire/Explosion,High
غرق مركب مهاجرين قبالة ساحل راس المركب غرب طبرق مع انقاذ عدد من الركاب,People at Risk/Medical,Critical
عاصفة شديدة في قرقارش في طرابلس مع اضرار واسعة بالمنازل وشبكة الكهرباء,Flood/Severe Weather,High
راجل كبير طايح في منطقة البركة في بنغازي,People at Risk/Medical,Low
معاملات الناس واقفة في مصلحة الاملاك العقارية بالزاوية بسبب اضراب الموظفين,Other,Low
انهيار جزئي في سقف محل والعمال جميعهم خرجوا دون اصابات,Other,Medium
حافلة فيها اطفال تعطلت وسط سيول قرب توكرة عدد كبير في خطر والانقاذ الجماعي جاري,People at Risk/Medical,Critical
اندلاع حريق باسباب مجهولة داخل محطة الكهرباء في منطقة سوق الخميس امسيحيل,Fire/Explosion,High
حافلة ركاب طاحت من كوبري قرب صرمان وفيات متعددة وعمليات انقاذ جماعية توا,Road/Transportation,Critical
ضغط الميه ضعيف واجد في الدافنية من الصبح والناس مش قادرة تعبي خزاناتها,Infrastructure/Utilities,Medium
وفاة ثلاثة اشخاص واصابة اثنين اثر حادث سير قرب الكفرة,Road/Transportation,Critical
دخان خفيف من غرفة تخزين صغيرة وتم اخماد المصدر دون اصابات,Fire/Explosion,Low
عمل تخريبي وحريق في الغرفة الرئيسية لاتصالات المنطقة الغربية بشركة هاتف ليبيا ادى لاضرار جسيمة وتذبذب خدمات الاتصالات,Infrastructure/Utilities,High
حافلة تقل ركابا تعرضت لحادث مع عدد كبير من المصابين والحاجة لعدة فرق اسعاف,Road/Transportation,Critical
شاب مصاب في البيضاء ومحتاج اسعاف,People at Risk/Medical,High
كسر محدود في خط مياه في نالوت,Infrastructure/Utilities,Low
سكروا مطعم وجبات سريعة في زليتن بسبب تسمم مجموعة من الزبائن البارح بالليل,People at Risk/Medical,Medium
ارتفاع منسوب المياه وغرق منطقة السدرة كليا مما استدعى التدخل بسيارات الشفط لاجلاء العالقين داخل مركباتهم,Flood/Severe Weather,Critical
لهب بسيط طلع من بوتاغاز برا حوش في السراج تسكر الصمام والحمد لله مافيش اصابات,Fire/Explosion,Low
فتحة الطريق في سوق الجمعة مسكرة والزحمة بدت تكبر,Road/Transportation,Medium
انغلاق الشارع الرئيسي ومحاصرة السكان داخل منازلهم لثلاثة ايام نتيجة تجمع مياه الامطار وغرق الطريق بمنطقة عين زارة,Flood/Severe Weather,High
وجود مخلفات حرب في ارض بمنطقة عين زارة تعرضت لقذائف,Other,High
مطارمصراتة اندلاع النيران في طائرة خاصة على متنها طاقم تركي اثناء هبوطها وخروجها عن المدرج,Fire/Explosion,Critical
زحمة كبيرة في قسم الطوارئ بمستشفى الطبي بطرابلس ونقص في الاطباء المناوبين الليلة,People at Risk/Medical,Medium
انقطاع مياه في معتيقة والناس تسال متى ترجع,Infrastructure/Utilities,Medium
انفجار في مخزن وقود في اوباري مع قتلى وعدد كبير من المصابين,Fire/Explosion,Critical
راجل كبير تعثر في الكفرة ويشتبهوا في كسر العلامات الحيوية مستقرة,People at Risk/Medical,Medium
مشادات كلامية وفوضى في الحرم الجامعي بجامعة طرابلس بسبب القبول والتسجيل,Other,Low
مفيش نافطة بسهولة في الخمس والطوابير خانقة الشارع,Infrastructure/Utilities,Medium
حريق ضخم في محل ملابس بشارع طرابلس في مصراتة مع خسائر مادية,Fire/Explosion,High
دراجة اصطدمت بسيارة في سوق الجمعة المصاب واعي ويحتاج علاج لكن حالته مش حرجة,Road/Transportation,Medium
طريق المطار في سبها فيه تجمع مية واجد بعد المطر والسيارات قاعدة تمر بصعوبة,Flood/Severe Weather,High
اندلاع عدة حرائق في منطقة وادي البلاد بمدينة بني وليد,Fire/Explosion,Critical
اخماد حريق داخل ورشة سيارات قرب مسجد الصحابة في الزاوية دون تسجيل خسائر,Fire/Explosion,Medium
فيه مصاب في الزاوية بعد سقوطه في الطريق والناس واقفة معاه,People at Risk/Medical,High
قارب صغير تعطل قريب من شاطئ سرت والركاب وصلوا سالمين,People at Risk/Medical,Low
المية قاعدة ترتفع بسرعة في عين زارة وغرقت عدة حياش اخلاء الحي بدا,Flood/Severe Weather,High
ريحة حريق من كوشة في قرقارش العاملين سيطروا عليها قبل ما تكبر,Fire/Explosion,Low
ردوا بالكم سيارة شاعلة في طريق الجبس والزحمة بدت تزيد,Fire/Explosion,High
هبوط وانهيار في الطريق الرابط بين جسر سيدي بنور وتاجوراء,Infrastructure/Utilities,High
مفيش نافطة بسهولة في عين زارة والطوابير خانقة الشارع,Infrastructure/Utilities,Medium
انقطاع مياه في الخمس والناس تسال متى ترجع,Infrastructure/Utilities,Medium
مصرع اب وابنه غرقا في شاطئ توكرة اثناء محاولة انقاذ فاشلة,People at Risk/Medical,Critical
حريق كبير في سوق مزدحم في مرزق مع وفيات واصابات متعددة,Fire/Explosion,Critical
زحمة هلبة في بنغازي والحركة واقفة تقريبا,Road/Transportation,Medium
حريق في محول كهرباء بالقرب من مستشفى العطايا بمنطقة القربوللي,Fire/Explosion,Medium
خرج وما رجعش سيارة الشاب المفقود لقوها قريب من بوابة الخمس وتلفونه مقفول,People at Risk/Medical,High
حادث بسيط بين كرهبتين وما فيش اصابات,Road/Transportation,Low
دخان كثيف وحريق في مخزن قريب من اجدابيا الرجاء اخلاء المكان,Fire/Explosion,Critical
جريان محدود لمياه الامطار في طبرق,Flood/Severe Weather,Low
غرق كوبري المزاريع وتراكم مياه السيول مما ادى الى تعطيل حركة السير تماما وغرق عدة سيارات بمنطقة السراج,Flood/Severe Weather,High
حريق كبير ومحدش عارف بالضبط وين بدا نبو تدخل سريع,Fire/Explosion,High
شعلت النار في مخزن مواد بلاستيك في المنطقة الصناعية مصراتة والدخان مغطي السماء,Fire/Explosion,High
انفجار للذخيرة داخل احد المعسكرات في منطقة الغيران بمصراتة يتبعه اشتعال النيران,Fire/Explosion,Critical
وقوع حادث اصطدام عند سيمافرو السبعة,Road/Transportation,Medium
حريق محدود دون اصابات,Fire/Explosion,Medium
نبو اسعاف بسرعة في تاجورا فيه مصاب محتاج نقل للمستشفى,People at Risk/Medical,Critical
وجود مواطن مصاب بعيار ناري داخل مستشفى القلب في تاجوراء ويرفض نقله الى مستشفى مختصة,People at Risk/Medical,High
حريق في مزرعة ببنت بية امتد سريعا الى المزارع المجاورة واستدعى دعم فرق الاطفاء,Fire/Explosion,High
انفجار محدود في مطبخ منزل تسبب في اصابات بسيطة واضرار محدودة,Fire/Explosion,Medium
العثور على جثة طفل حديث الولادة داخل مكب النفايات بطريق المطار,Other,High
محاولة سطو على المنازل وسرقة الاغنام من قبل عمالة وافدة في محلة القاعة بمدينة زليتن,Other,Medium
المطر قوي من الصبح والطرق بدت تجمع مية ردوا بالكم,Flood/Severe Weather,Medium
انفجار في منشاة صناعية مع تسرب مادة خطرة باتجاه منطقة سكنية,Fire/Explosion,Critical
فيه اطلاق نار ناحية طريق الجامعة الافضل ما حدش يقرب توا,People at Risk/Medical,High
فيه شخص عالق داخل سيارة بعد حادث في تاجورا ونبو اسعاف وانقاذ,People at Risk/Medical,Critical
كلاب شرسة تتمشى قريب من مدارس الاطفال في السراج وخطر كبير,Other,Medium
انهيار ترابي بعد الشتا في وادي الربيع سكر الطريق وفيه احتمال سيارة مدفونة,Flood/Severe Weather,High
انارة شارع عشرين في بنغازي فيها اعطال واجدة نص الشارع تقريبا مظلم,Infrastructure/Utilities,Medium
عملية سطو مسلح على شاحنة وقود بالقرب من تقاطع الزنتان كانت متجهة الى نالوت تحديدا محطة فليفيل على طريق الجبل,Other,High
امطار غزيرة لفترة قصيرة في شحات مع تجمعات مياه محدودة,Flood/Severe Weather,Low
غازات وريحة خايبة خانقة طالعة من مصنع الاسمنت في الخمس وتضر بصدور الناس اللي ساكنة حد المصنع,Other,High
شخص تعرض للدهس في عين زارة بالقرب من النصب التذكاري ومحل استبرق لمواد التنظيف ويحتاج الى اسعاف,Road/Transportation,Medium
اربعة اشخاص عندهم تسمم من الاكل في صرمان,People at Risk/Medical,Low
حريق في مخزن اسلحة تابع لمعسكر اللواء الثالث بمنطقة عين زارة,Fire/Explosion,Critical
زحمة خانقة قدام مصرف الوحدة فرع زليتن وصارت مشادات بالايدي بسبب سوء تنظيم توزيع السيولة,Other,Medium
في بنت صغيرة رايحة من اهلها في سوق الجمعة اخر مرة شافوها جنب مسجد التوبة,Other,High
سد وادي المجينين فيه فشل واضح والمية تهدد احياء كاملة الاخلاء الشامل بدا,Infrastructure/Utilities,Critical
فرق الانقاذ البحري تنتشر على الشواطئ الليبية للحد من حوادث الغرق,People at Risk/Medical,Medium
فيه عدة صغار عندهم تسمم خطير في بني وليد,People at Risk/Medical,High
سيارة خبطت عمود انارة مطفي في الجفرة السائق طلع سليم ومافيش اسلاك مكشوفة,Road/Transportation,Low
انفجار وحريق ضخم مع وفيات واصابات,Fire/Explosion,Critical
سلك كهرباء مقطوع في خمسة شوارع بعين زارة وشارع السرول مع بلاغ عن حريق في الغابة بالقرب من جزيرة الدرن,Infrastructure/Utilities,High
انقطاع المياه عن مقر جهاز مكافحة الجرائم المالية بمنطقة الظهرة بالقرب من جزيرة جنة العريف,Infrastructure/Utilities,Low
وقوع حادث تصادم بين مركبتين امام مقر وزارة الخارجية في تاجوراء من جزيرة اسبان الى الاندلسي دون اضرار بشرية مع الحاجة الى المرور بالموقع,Road/Transportation,Low
حريق داخل ورشة صيانة في قصر احمد في مصراتة مع اصابتين طفيفتين,Fire/Explosion,High
انقطاع تام للكهرباء في مناطق المنطقة الغربية بالكامل دون معرفة الاسباب,Infrastructure/Utilities,High
الكهربا قاطعة على جزء من درنة من كم ساعة فرق الصيانة تخدم والوضع محلي,Infrastructure/Utilities,Medium
عملية سطو مسلح على مواطن وسرقة هاتفه بالقرب من مسجد السيدة عائشة بمنطقة السراج في مدينة طرابلس,Other,High
نار ولعت في محل صغير في الليثي فيه اضرار هلبا في البضاعة لكن مافيش اصابات خطيرة,Fire/Explosion,Medium
انفجار داخل ورشة في نالوت مع حريق واسع واصابات,Fire/Explosion,Critical
اشتعال النيران في كمية من الاشجار والحشائش الجافة بجانب الطريق العام بمنطقة القوارشة,Fire/Explosion,Low
حمولة طاحت من شاحنة في سوق الجمعة في طرابلس وما فيش اصابات,Road/Transportation,Low
حافلة صغيرة خبطت في حاجز بجنزور خمسة ركاب تعالجوا واصاباتهم مستقرة,Road/Transportation,Medium
العثور على الطفل بعد فقدانه في واد بتهالا,People at Risk/Medical,Low
تصادم بين مركبتين مع اصابتين متوسطتين والطريق قابل للمرور,Road/Transportation,Medium
الشبكة قاطعة كامل من ما طاح برج الاتصالات في ترهونة بسبب الرياح,Infrastructure/Utilities,Medium
حريق باشجار النخيل في واحة تازربو بالكفرة,Fire/Explosion,High
وفاة اثني عشر سودانيا بينهم نساء واطفال في حادث تصادم على الطريق العام شمال الكفرة,Road/Transportation,Critical
انفجار خط غاز رئيسي في عين زارة في طرابلس مع اصابات خطيرة واخلاء المنطقة,Infrastructure/Utilities,High
شاحنة وقود انقلبت في سيدي حسين والتسريب قريب من حياش والاخلاء المحدود بدا,Road/Transportation,High
مياه المطر متجمعة قدام البيوت في تاجوراء والناس تستنى في سيارات الشفط,Infrastructure/Utilities,Medium
انسداد خط صرف صحي رئيسي في اوباري مع طفح المياه بعدة شوارع,Infrastructure/Utilities,Medium
مفيش نافطة بسهولة في اوباري والطوابير خانقة الشارع,Infrastructure/Utilities,Medium
اعمدة الانارة طاحت بسبب الرياح في طريق الشط,Infrastructure/Utilities,Medium
نقص كبير في حليب الاطفال في المستشفيات العامة والصيدليات والتجار محتكرينه ويبيعوه بضعف السعر,Other,Medium
رماية مسموعة في البيضاء والناس تبي تعرف شن صاير ابعدوا عن المكان,People at Risk/Medical,High
جريان مياه قوي قرب ابو سليم في طرابلس قطع طريقا محليا,Flood/Severe Weather,Medium
تسرب غاز واسع في قرقارش في طرابلس مع حالات اختناق واخلاء سكان,Infrastructure/Utilities,Critical
فيه خطر انهيار سد فوق الليثي السكان في مسار المية واخلاء واسع مطلوب توا,Flood/Severe Weather,Critical
تجمعات كبيرة لمياه الامطار في تازربو مع تعطل عدد من المركبات,Flood/Severe Weather,Medium
تجمع مياه الغدير امام المدارس بمنطقة صلاح الدين مما يمنع الطلبة من الخروج للشارع,Flood/Severe Weather,Medium
حريق في منزل ماهول مع شخص غير قادر على الخروج بمفرده,Fire/Explosion,High
المحول في عين زارة ضرب والشارع كله بدون كهرباء,Infrastructure/Utilities,High
انفجار اسطوانة غاز هيليوم داخل سيارة مقابل شركة ليبيانا في مدينة الزاوية ادى الى وفاة شخص واصابة اخر اصابة خطيرة,Fire/Explosion,High
حادث خطير في طبرق فيه وفيات ومفقودين,People at Risk/Medical,Critical
عطل في محول الكهرباء في معتيقة ومحتاج صيانة عاجلة,Infrastructure/Utilities,High
حفريات في طريق المطار من مدة والخدمة واقفة ومافيش توضيح,Other,Low
مصرف التجاري فرع الميدان طرابلس زحمة هلبا وما فيش سيولة,Other,Low
وجود تسرب في شبكة مياه النهر بالقرب من السجل المدني البطاطا وتحديدا بعمارات البطاطا,Infrastructure/Utilities,Low
غرق بعض شوارع مدينة الزاوية بعد هطول امطار غزيرة,Flood/Severe Weather,High
انهيار جزئي لمبنى تجاري في سوق الجمعة بطرابلس بعد الهزة الارضية الناس هربوا لكن فيه اصابات من سقوط الحجارة,Flood/Severe Weather,Medium
انفجار قوي وحريق في غات مع وفيات ومصابين,Fire/Explosion,Critical
عركة كبيرة في شارع جرابة بطرابلس وقفوا السيارات والطريق زحمة من وراهم,Other,High
فيه حاجة سوداء مرمية جنب الطريق المؤدي للميناء في مصراتة شكلها مش طبيعي,Other,Critical
مطر خفيف وتجمع مية بسيط في درنة الطريق مفتوح ومافيش حياش متضررة,Flood/Severe Weather,Low
الكوادر الطبية المساعدة في ليبيا تؤكد استمرار العصيان المدني للمطالبة بحقوقها المهنية,Other,Low
تجمع محدود لمياه الامطار في احد الشوارع في زليتن,Flood/Severe Weather,Low
تهجم عناصر القاطع الحدودي على اعضاء هيئة التدريس وطلبة كلية التقنية الطبية مصراتة الان والتعدي على املاك الكلية والحرم الجامعي,People at Risk/Medical,High
رياح عاتية في قنفودة غرب بنغازي مع سقوط اعمدة كهرباء واضرار بالمباني,Flood/Severe Weather,High
عملية سطو مسلح في وسط مدينة طرابلس وسرقة مبلغ 670 الف دينار من سيارة مواطن,Other,High
وجود صاروخ RPG غير منفجر داخل قطعة ارض بمنطقة قصر بن غشير,Other,High
سيارة زلقت في عين زارة في طرابلس وما فيش اصابات,Road/Transportation,Low
تاخر اصدار البطاقة الشخصية والكتيب العائلي في مكتب السجل المدني تاجوراء اكثر من شهرين بسبب نقص الخام,Other,Low
مدرسة في غريان ما فيهاش كراسي كفاية والتلاميذ يقعدوا في الارض طول الحصص,Other,Low
محتجون في منطقة السدرة يطالبون بمعالجة تسريب مياه شبكة الصرف الصحي لما يترتب عليه من ازمة صحية بالمنطقة,Infrastructure/Utilities,High
الابلاغ عن اختطاف ثلاثة مواطنين من منزلهم في مدينة طرابلس من قبل جهة مجهولة,Other,High
حريق في محل البيت الليبي للمواد المنزلية بمدينة سرت,Fire/Explosion,Medium
اندلاع حرائق في غابات منطقة البياضة بالجبل الاخضر,Fire/Explosion,High
المحول في الخمس ضرب والشارع كله بدون كهرباء,Infrastructure/Utilities,High
انقطاع مياه النهر في منطقة الهضبة الحداد بالقرب من مسجد البوزيدي,Infrastructure/Utilities,Medium
ارتفاع كبير في منسوب مياه السيول يؤدي الى غرق الشوارع الرئيسية ومحاصرة المركبات والمنازل في درنة,Flood/Severe Weather,High
حادث جماعي في البيضاء فيه وفيات واصابات خطيرة واجدة,People at Risk/Medical,Critical
مقتل شاب اثر تعرضه لاطلاق نار في مدينة الزاوية,Other,High
الصرف الصحي فايض في معتيقة والريحة والمية في نص الشارع,Infrastructure/Utilities,High
حريق محدود في محول كهربائي فرعي بمنطقة راس حسن مع تصاعد ادخنة,Fire/Explosion,Low
تصادم بين سيارتين في الهضبة في طرابلس وفيه ثلاثة مصابين,Road/Transportation,High
المية مقطوعة على الدهماني من الصبح ومفيش توضيح,Infrastructure/Utilities,Medium
سيول سريعة تهدد عددا كبيرا من المنازل والسكان في المنطقة,Flood/Severe Weather,Critical
انفجارات متتالية داخل منشاة صناعية مع حريق وخطر وصول النيران لخزانات اخرى,Fire/Explosion,Critical
شوية اعشاب يابسة شعلن في طرف تاجوراء النار محدودة وبعيدة على الحياش,Fire/Explosion,Low
سقوط شخص داخل بئر مهجورة بعمق 20 متر بمنطقة عين زارة بطرابلس وعمليات الانقاذ جارية,People at Risk/Medical,High
الوديان فاضت حول سرت وكل مخارج المنطقة تقريبا مسكرة عشرات العائلات محتاجة انقاذ,Flood/Severe Weather,Critical
وقوع حادث اصطدام بالقرب من بوابة بير عياد وبير غنم,Road/Transportation,Medium
النيران تشتعل في طائرة خاصة عقب تحطمها اثناء الهبوط بمطار مصراتة الدولي,Fire/Explosion,Critical
حريق داخل مقهى في طرابلس يخلف قتيلين واصابة عنصر اطفاء,Fire/Explosion,Critical
فيه حالات اختناق واجدة في سبها وبعضهم محتاجين رعاية عاجلة,People at Risk/Medical,High
حريقة خفيفة في سيارة مركونة بسوق الجمعة صاحبها لحق عليها والمطافي تاكدت ان الوضع تمام,Fire/Explosion,Low
تعطل شامل لشبكة المياه في ابو سليم في طرابلس عن مرافق صحية واحياء واسعة,Infrastructure/Utilities,Critical
حريق في شقة سكنية في الليثي في بنغازي مع تسجيل حالتي اختناق,Fire/Explosion,High
انفجار خط مية في قصر بن غشير غمر حياش وهدد اساسات مباني قريبة,Infrastructure/Utilities,High
حادث قريب من جزيرة القدس بطرابلس سيارة ضربت واحد من باعة الخضرة المتجولين,Road/Transportation,Medium
سقوط لوحة اعلانية بسبب الرياح في اجدابيا,Flood/Severe Weather,Low
راجل طايح في مصرف وما نعرفوش حالته,People at Risk/Medical,Medium
شبكة الكهربا انهارت في ابو سليم ومناطق واسعة المستشفيات بدون احتياط كافي وحياة المرضى في خطر,Infrastructure/Utilities,Critical
طريق رئيسي في سوق الجمعة انقطع والسيارات عالقة فيه بلاغ على شخص مفقود,Flood/Severe Weather,High
حريق في مخزن تجاري والحرائق بدات تمتد الى جزء اخر من المبنى,Fire/Explosion,High
انقطاع الكهرباء في السراج نتيجة التعدي على الكوابل اثناء توسعة الطريق,Infrastructure/Utilities,High
يا جماعة من يعرف مكتب الخدمة في غريان فاتح اليوم ولا لا,Other,Low
احتراق محطة كهرباء بالكامل في وسط الزاوية الغربية بعد استهدافها بطائرة مسيرة,Fire/Explosion,High
فيه مصاب في طريق الجامعة بعد سقوطه في الطريق والناس واقفة معاه,People at Risk/Medical,High
فيه شخص ضايع في صبراتة,People at Risk/Medical,Low
وقوع حادث تصادم بين مركبتين بالقرب من فتحة سيدي سليم بطريق المطار في طرابلس,Road/Transportation,Medium
ارتفاع منسوب مياه الامطار بدخلة عرادة وتكون غدير مائي كبير ادى الى محاصرة المنازل وتعطل حركة السير,Flood/Severe Weather,High
حريق هائل يلتهم احد محلات الجملة في منطقة الحشان بطرابلس,Fire/Explosion,High
عمود تلفون مايل شوية في ترهونة لكنه بعيد على الطريق والناس,Infrastructure/Utilities,Low
اندلاع حريق داخل مركز تحفيظ القران بمسجد ابي الشاطر بمنطقة عرادة في سوق الجمعة,Fire/Explosion,Medium
زحمة هلبة في راس اجدير والحركة واقفة تقريبا,Road/Transportation,Medium
فيه ناس محاصرين بالمية في طريق الجامعة ونبو فرق انقاذ,People at Risk/Medical,Critical
شاطئ قرقارش تواصل عمليات حفر الشاطئ من قبل عدد من الافارقة بحثا عن اشياء مدفونة,Other,Low
معاملة خايبة وضياع الشنط كل شوية في خطوط الطيران بمطار بنينا الدولي,Road/Transportation,Low
اربع حالات اجهاد من الحر في اوباري تلقوا اسعاف وحالتهم مستقرة,People at Risk/Medical,Medium
حادث كبير في الدافنية غرب مصراتة وفيه ناس محاصرين داخل السيارات,Road/Transportation,High
انهيار واسع بعد انفجار بمصنع في يفرن عشرات العمال مش معروف مصيرهم وخطر انفجار ثاني قائم,Fire/Explosion,Critical
حادث بين سيارتين في بنغازي ومسبب زحمة كبيرة,Road/Transportation,High
حافلة ركاب قلبت في الهواري في بنغازي وفيه عدد كبير من الركاب مصابين,Road/Transportation,High
حريق كبير في مستودع في طمينة في مصراتة مع امتداد النيران الى مبنى مجاور,Fire/Explosion,High
الصرف الصحي فايض في الدهماني والريحة والمية في نص الشارع,Infrastructure/Utilities,High
فيضانات في مدينة غريان بعد امطار غزيرة وسيول محلية,Flood/Severe Weather,High
وجود امراة مغمى عليها داخل محكمة سوق الجمعة,People at Risk/Medical,High
الكلاب الضالة منتشرة بشكل مخيف في شوارع حي دمشق وطفل صغير عضوه وهو راجع من المسجد وقت المغرب,Other,Medium
انفجار كبير هدم مبنى في شحات عدد كبير مفقود والاسعاف المحلي مش مكفي,Fire/Explosion,Critical
حريق داخل صيدلية فينيقياء بجانب سوق النوفليين وتم اخماده بواسطة الدفاع المدني,Fire/Explosion,Medium
الانارة انقطعت فجاة في مدرج مطار سبها وقت ما كانت رحلة داخلية تهبط واضطرت الطيارة ترجع ولا لطف ربي كانت صارت كارثة والانارة لسا ما رجعتش,Road/Transportation,High
شاحنة عاطلة في سوق الجمعة ومسببة اختناق في المرور,Road/Transportation,Medium
انفجار غاز في حوش بصرمان واحد حالته حرجة وجزء من السقف طاح,Fire/Explosion,High
انقطاع سلك كهربائي وعطل بكبينة بالقرب من جامع فتروش بمنطقة الكريمية,Infrastructure/Utilities,Medium
فيه مصاب في قرقارش بعد سقوطه في الطريق والناس واقفة معاه,People at Risk/Medical,High
معبر راس اجدير طابور التوانسة يجري جري والليبيين قاعدين ما تحركوش من امس,Road/Transportation,Low
انطلاق حملة امنية في مدينة زوارة لحماية المدينة ومكافحة الهجرة غير الشرعية والجماعات الخطرة,Other,Low
في واحد عالق داخل مصعد في عمارة بمنطقة الكيش ببنغازي من مدة حد يجي يشوف حل,People at Risk/Medical,High
شن قصة سيمافرو صلاح الدين ليه اسبوع مايخدمش امتى بيتصلح,Infrastructure/Utilities,Medium
حافلة طاحت من منحدر في يفرن فيه وفيات واصابات متعددة,Road/Transportation,Critical
حاجز مروري طاح في سلوق وخبط سيارة الضرر خفيف ومافيش اصابات,Road/Transportation,Low
السائق محشور في السيارة في تاجورا والشباب يحاولوا يطلعوه,People at Risk/Medical,Critical
حادث تصادم عنيف يؤدي الى انقلاب سيارتين على الطريق الرابط بين مدينتي الجفرة وسبها,Road/Transportation,High
اعمال تنظيف وتسليك غرف شبكة تصريف مياه الامطار بشارع مصرف الجمهورية في ترهونة,Flood/Severe Weather,Low
سيول جارفة مع وفيات ومفقودين,Flood/Severe Weather,Critical
سقوط حاوية من شاحنة على طريق وادي الربيع في منطقة الجنين ما استدعى تامين الطريق,Road/Transportation,Medium
وفاة امراة اثر تعرضها لحادث دهس مروري من مركبة تابعة للامن العام,Road/Transportation,High
تضرر خط كهرباء عالي الجهد في طريق المطار في طرابلس مع حريق واصابات,Infrastructure/Utilities,High
حريق مستشفى في طبرق والدخان وصل للاجنحة مرضى هلبا ما يقدروش يطلعوا بروحهم,Fire/Explosion,Critical
عيلة محاصرة داخل دار في سرت,People at Risk/Medical,High
حريق في شقة فوق محل في ابو سليم والناس تقول مازال في حد داخل,Fire/Explosion,Critical
فيه شخص عالق داخل سيارة بعد حادث في طريق الجامعة ونبو اسعاف وانقاذ,People at Risk/Medical,Critical
انهيار جزء من مبنى سكني مع احتمال وجود اشخاص داخل المكان,Other,High
نافطة مبزعة على طريق الشط فوق كوبري الشعاب باتجاه سيمافرو الشط,Road/Transportation,High
انفجار في محطة كهرباء في الهضبة في طرابلس مع ضحايا وانقطاع واسع,Infrastructure/Utilities,Critical
النار والعة في حافلة جنب مرزق وفيه راكب محاصر فرق الانقاذ تشتغل توا,Fire/Explosion,High
سيل محدود مر من العجيلات وضر كم محل الناس ابعدوهم من المكان,Flood/Severe Weather,Medium
حادث حافلة مدرسية مع عدة اصابات ونقل الطلاب الى المستشفى,Road/Transportation,High
رياح قوية في ابو سليم وفيه لوحات وحاجات في الشارع ممكن تطيح,Flood/Severe Weather,Low
حريق في متجر مع دخان كثيف واخلاء العاملين دون اصابات مؤكدة,Fire/Explosion,Medium
ابتزاز الكتروني لبنات يهددوهم ينشروا صور خاصة في مواقع التواصل ويبوا فلوس كثيرة لازم يتدخل مكتب الجرائم الالكترونية,Other,Medium
تزايد عمليات السرقة والسطو وتجارة المخدرات والهجرة غير الشرعية في مدينة صبراتة,Other,High
سيارة اصطدمت بعمود كهرباء والسائق مصاب باصابة خطيرة,Road/Transportation,High
بلاغ على كبير سن تايه في الزاوية واتلقوه بصحة كويسة,People at Risk/Medical,Low
تماس كهربائي سبب حريق في فصل فاضي بمدرسة في الخمس الاخلاء تم بدون اصابات,Fire/Explosion,Medium
انهيار مبنى سكني متعدد الطوابق مع اشخاص محاصرين تحت الانقاض,Other,Critical
شاحنة وقود انفجرت وسط زحمة في زوارة سيارات هلبة شادة فيها النار واخلاء واسع جاري,Road/Transportation,Critical
انهيار جزء من جسر اثناء مرور سيارات في غات سيارات طاحت وعدد المفقودين كبير,Road/Transportation,Critical
حركة السير سالكة وطبيعية بالطريق السريع من البيفي الى جنزور دون غدران او تجمعات مائية,Flood/Severe Weather,Low
حريق كبير في وادي الكوف باحدى المحميات الطبيعية,Fire/Explosion,Critical
جسر في العجيلات فيه انهيار كبير والطريق الرئيسي تسكر وفيه خطر سقوط جزء ثاني,Infrastructure/Utilities,High
طفل غرق لحظات في مسبح بزوارة وتم انقاذه,People at Risk/Medical,Medium
انصبوا علي من صفحة في الفيس بوك تبيع تلفونات بالتقسيط في طرابلس,Other,Low
دخان خفيف من مكيف في مكتب بطريق الشط طلعوا الموظفين احتياط ورجع الوضع عادي,Fire/Explosion,Low
حادث بين سيارتين في سوق الجمعة ومسبب زحمة كبيرة,Road/Transportation,High
احتراق سيارة في طريق الجامعة قبل كوبري الطبي باتجاه الفرناج تسبب في ازدحام مروري كبير,Fire/Explosion,Medium
اندلاع حريق في الاعشاب على طريق الدعوة الاسلامية بالقرب من جمعية الدعوة الاسلامية,Fire/Explosion,Low
شارع المواشي في السراج رمي بالرصاص جنب الناس في نص الشارع,People at Risk/Medical,Critical
احتراق مركبة ادى الى وفاة طفلين في سبها,People at Risk/Medical,Critical
حالة اصابة بسيطة بعد سقوط داخل المنزل والمصاب مستقر,People at Risk/Medical,Low
اطلاق نار كثيف بالقرب من احد المقار والمتنزهات في مدينة طرابلس مما اثار الهلع بين المواطنين,Other,High
خنبوا سيارة من قدام حوش في حي الاندلس,Other,Medium
سيارة انقلبت في الطريق الساحلي بالزاوية والسواق نقلوه للعناية المركزة وحالته خطيرة,Road/Transportation,High
وجود قاذف غير متفجر في شارع القيادي بمثلث الكهرباء في عين زارة,Other,High
هبوط طائرة تابعة لطيران النفط بالخطا في مهبط نفطي مغلق نتيجة خلل في انظمة الملاحة والاتصالات,Road/Transportation,High
بلاغ عن اختفاء طفلة صغيرة من قدام بيتها في حي السلام ببنغازي ونبو تعميم,People at Risk/Medical,High
انقطاع كهرباء في عين زارة لساعات والناس تبي حل,Infrastructure/Utilities,Medium
مركبة طاحت في وادي قرب الزاوية شخص مفقود وفرق الانقاذ تواجه وصول صعب,Road/Transportation,High
فيضانات في البركة في بنغازي اجبرت عددا من الاسر على مغادرة منازلها,Flood/Severe Weather,High
سقوط كابل كهربائي بجهد 11 الف فولت على الطريق العام,Infrastructure/Utilities,High
وجود فيضان في شبكة الصرف الصحي بالقرب من مسجد باقي في شارع الجلاء,Infrastructure/Utilities,Medium
يا جماعة الطريق في سبها غرق اللي مش مضطر ما يمرش,Flood/Severe Weather,High
في عمود طاح على جنب الطريق في الزروق مصراتة من الصبح وهو على حاله,Infrastructure/Utilities,High
حادث سير قوي في صبراتة توفوا ثلاثة وفيه مصابين,Road/Transportation,Critical
وضع خرسانة في الطريق العام داخل جزيرة غوط الشعال ما تسبب في عرقلة حركة السير,Road/Transportation,Low
نافطة واقفة في راس اجدير ومضيقة الطريق ردوا بالكم,Road/Transportation,Medium
حريق في سيارة متوقفة بعيدا عن المباني وتم اخماده بسرعة دون اصابات,Fire/Explosion,Low
سيول في مدينة بني وليد جراء تساقط الامطار الغزيرة,Flood/Severe Weather,High
تصادم متسلسل في الزنتان فيه وفيات وناس محاصرين داخل السيارات,Road/Transportation,Critical
تراكم مياه الامطار وتشكل غدران ومستنقعات مائية بالشوارع الفرعية قرب جزيرة عودة الحياة في عين زارة مع استمرار هطول الامطار,Flood/Severe Weather,Low
انهيار كوبري الطريق الساحلي قرب منطقة تاجوراء نتيجة هزة ارضية قوية الطريق مقطوع بالكامل وفيه سيارات عالقة ومازال فيه خطر سقوط اجزاء اضافية نحتاج تدخل عاجل لاغلاق المكان وتامين المارة,Flood/Severe Weather,High
مياه الامطار وصلت لساحة مدرسة في الجفرة وتم اخلاؤها بدون اصابات,Flood/Severe Weather,Medium
انهيار جزء من طريق رئيسي عند سلوق وفيه سيارة ممكن تكون طاحت داخله,Infrastructure/Utilities,High
تعرض مواطن للسرقة من قبل مجموعة ملثمة في منطقة الفلاح بمدينة طرابلس,Other,Medium
المية غطت الطريق في سبها والسيارات قاعدة ترجع من النص,Flood/Severe Weather,High
ثلاثة تعبوا من اكل في مناسبة بصرمان محتاجين علاج لكن حالتهم مش خطيرة,People at Risk/Medical,Medium
فيه حريق في سيارة ناحية طريق الجبس الحيطة والحذر,Fire/Explosion,High
اشتعال اعشاب جافة في مساحة صغيرة في تاجوراء شرق طرابلس,Fire/Explosion,Medium
حريق في مطبخ حوش ببنغازي العيلة طلعت واصابة واحدة خفيفة من الدخان والحريق محصور,Fire/Explosion,Medium
عاصفة ترابية في توكرة سببت عدة حالات اختناق بسيطة والرؤية ضعيفة,Flood/Severe Weather,Medium
وفاة ستة اشخاص جراء حادث سير مروع بالمدخل الشرقي لمدينة زوارة,Road/Transportation,Critical
انقطاع مياه في عين زارة والناس تسال متى ترجع,Infrastructure/Utilities,Medium
سيارة طاحت من منحدر في طمينة في مصراتة وفيه اصابات خطيرة,Road/Transportation,Critical
الهواء قوي شوية في البيضاء لوحة صغيرة طاحت ومحدش تضرر,Flood/Severe Weather,Low
قذيفة مدفعية طاحت على حي سكني في السبعة جنوب العاصمة وقت الاشتباكات,Other,Critical
وجود مصنع لانتاج وتصنيع الخمور المسمومة داخل منطقة سيدي خليفة بنغازي,Other,Medium
حادث مروري على الطريق الصحراوي اجدابيا طبرق ادى الى سقوط ضحايا,Road/Transportation,Critical
حريق في مخزن اخشاب في الهواري في بنغازي مع اضرار متوسطة بالموقع,Fire/Explosion,Medium
حريق في مطبخ مطعم في بوعطني في بنغازي مع اصابة عامل,Fire/Explosion,High
تصادم جماعي في صبراتة بين حافلة وشاحنات عشرات المصابين والقدرة المحلية مش مكفية,Road/Transportation,Critical
الكهربا قاطعة على منطقة واسعة حول تاورغاء والابار ومحطات الوقود واقفة,Infrastructure/Utilities,High
سيارات وطرق مدمرة جراء الفيضانات في مدينة سوسة الليبية,Flood/Severe Weather,Critical
انقطاع الكهرباء عن عدة احياء في طرابلس منذ الصباح,Infrastructure/Utilities,High
الصرف الصحي فايض في عين زارة والريحة والمية في نص الشارع,Infrastructure/Utilities,High
حريق هائل في سوق الحائس التجاري بطريق عرادة في سوق الجمعة,Fire/Explosion,High
الضي هرب من اوباري من بدري ومزال ما رجعش نبو نعرفوا شن السبب,Infrastructure/Utilities,Medium
فيه ناس محاصرين بالمية في البيضاء ونبو فرق انقاذ,People at Risk/Medical,Critical
حادث سيارة اجرة في حي الاندلس راكبين محتاجين مستشفى اصابتهم خفيفة لكن مافيش حد محاصر,Road/Transportation,Medium
حريق داخل منزل في مدينة مصراتة مع انباء عن وجود اصابات,Fire/Explosion,High
حريق كبير في مجموعة مخازن في يفرن,Fire/Explosion,Critical
اختفاء شاب في ظروف غامضة بمنطقة عين زارة في مدينة طرابلس,Other,High
حريق كبير في سوق زوارة ممتد لاكثر من محل والاخلاء جاري وخطر الانتشار مازال عالي,Fire/Explosion,High
سقوط عدة اعمدة كهرباء في الكفرة مع انقطاع واسع للخدمة,Infrastructure/Utilities,High
عيل طاح من الدور الاول في الظهرة,People at Risk/Medical,High
البنزينة في معتيقة زحمة والطابور واصل للطريق العام,Infrastructure/Utilities,Medium
شاحنة متعطلة خاشة في مسار السيارات في الطريق الساحلي قريب من غريان ومسكرة الطريق,Road/Transportation,High
سيول قوية في قصر احمد في مصراتة جرفت مركبات وبداخلها اشخاص,Flood/Severe Weather,Critical
انهيار درج خارجي في مبنى غير ماهول دون اصابات,Other,Low
تسريب مية بسيط من وصلة في سبها الفنيين سكروا الخط الفرعي,Infrastructure/Utilities,Low
برك مياه في طرق فرعية في درنة,Flood/Severe Weather,Low
دراجة خبطت في سيارة واقفة بالعجيلات اضرار بسيطة ومحدش محتاج اسعاف,Road/Transportation,Low
تخريب في ممتلكات عامة قرب ميدان الشجرة في بنغازي حتى اعمدة الانارة كسروها,Infrastructure/Utilities,Medium
مكتب التوثيق والمعلومات ببلدية الزاوية ما عندوش اوراق ولا حبر ولا مستلزمات لطباعة شهادات الميلاد,Other,Low
مشكلة مجارير في الدهماني والمية طالعة للبيوت,Infrastructure/Utilities,High
انقطاع شامل للكهربا والمية عن قرقارش مع موجة حر مرافق العلاج طالبة مساعدة وطنية,Infrastructure/Utilities,Critical
فيه حفرة كبيرة وعميقة في نص الطريق الساحلي الزاوية وتخرب في سيارات الناس,Road/Transportation,Medium
وصول فرق اسعاف وانقاذ الى قرية الوردية بعد احداث الفيضانات,People at Risk/Medical,High
ارتفاع منسوب المياه في عدة شوارع ودخول المياه الى بعض المحال,Flood/Severe Weather,Medium
فيه ناس محاصرين بالمية في الزاوية ونبو فرق انقاذ,People at Risk/Medical,Critical
اندلاع حريق في مركبة بالقرب من سوق العائلة مقابل الشارع المؤدي الى مدخل ولي العهد,Fire/Explosion,Medium
سحابة سامة بعد حريق مصنع في هون طلعت برا الموقع واخلاء واسع للسكان جاري توا,Fire/Explosion,Critical
ثلاث حالات غرق في الصابري ببنغازي وتم انقاذ الاب وطفله مع استمرار البحث عن جثمان طفل,People at Risk/Medical,Critical
السلام عليكم فيه ماسورة مكسورة من الصبح في شارع السيدي بطرابلس والمية ماشية لنص الشارع,Infrastructure/Utilities,High
سيل قوي في ابو سليم حاصر عيلة داخل حوش فرق الانقاذ تحاول توصللهم توا,Flood/Severe Weather,High
طلع دخان من مولد واقف في عين زارة وتسكر توا الضرر بسيط والناس كلها بخير,Fire/Explosion,Low
الكتب المدرسية للمرحلة الابتدائية ما وصلتش لين توا وفات نص الفصل الاول,Other,Low
انقطاع واسع للكهرباء في درنة اثر على عدة احياء ومرافق,Infrastructure/Utilities,Low
عدد كبير من الاشخاص يعانون من اعراض تسمم ويحتاجون الى فرز وعلاج عاجل,People at Risk/Medical,Critical
عطل فني في شبكة الكهرباء في شحات تسبب في انقطاع متكرر,Infrastructure/Utilities,Low
غرق شخص في شاطئ بحر منطقة تاجوراء ويحتاج الى نقل للمستشفى لتقديم الاسعافات,People at Risk/Medical,High
الطريق مسكر من شوية ومفيش توضيح متى يفتح,Road/Transportation,Medium
بلاغ عن جسم مشبوه قريب من كوبري الفويهات في بنغازي المكان فيه حركة مواطنين,Other,Critical
مرتبات قطاع التعليم في مصرف الوحدة ما نزلتش من قريب اسبوعين,Other,Low
وجود تسريب في احد انابيب المياه في الهضبة بالحي الجامعي بالقرب من مدرسة يترب الخاصة,Infrastructure/Utilities,Low
مسكوا كميات كبيرة من الحليب والجبن منتهي الصلاحية ومغيرين تاريخه في واحد من محلات الجملة في مصراتة,People at Risk/Medical,Medium
راساجدير ساعات الانتظار في منفذ راس اجدير وصلت الى 9 ساعات بسبب الاغلاق من الجانب التونسي,Road/Transportation,Medium
عطل في محول الكهرباء في الدهماني ومحتاج صيانة عاجلة,Infrastructure/Utilities,High
حادث قوي في بنغازي وفيه شخص محاصر داخل السيارة الانقاذ يحتاج يقص الهيكل,Road/Transportation,High
فيه عمال عالقين في موقع شغل في غريان وعندهم اصابات متوسطة,People at Risk/Medical,High
حريق في مدرسة اثناء وجود عدد من الاشخاص وتم اخلاء المبنى,Fire/Explosion,High
حافلة عاطلة في تاجوراء شرق طرابلس وما فيش اصابات بين الركاب,Road/Transportation,Low
تصادم قوي بين عدة سيارات في قنفودة غرب بنغازي وفيه اصابات خطيرة,Road/Transportation,High
حريق في مطبخ مطعم وانتشار دخان داخل المكان ولا توجد اصابات خطيرة,Fire/Explosion,Medium
غلا جنوني وبلا مبرر في اسعار اللحمة والخضرة في اسواق طرابلس وما فيش حرس بلدي ولا رقابة,Other,Low
غمر الطرق الرئيسية بمنطقة سوق الخميس امسيحيل بمياه السيول مما تسبب في اغلاق الشارع العام وتوقف السيارات,Flood/Severe Weather,Medium
حرائق مجهولة السبب التهمت عشرات المنازل في مدينة الاصابعة,Fire/Explosion,Critical
قيام احد الاشخاص بمضايقة اخرين بالسيارة واطلاق النار عليهم بالرصاص عقب خروجهم من احد المقرات في مدينة الخمس,Other,High
مشكلة مجارير في معتيقة والمية طالعة للبيوت,Infrastructure/Utilities,High
تصادم بسيط بين مركبتين دون اصابات وتم فتح الطريق بعد ابعاد المركبات,Road/Transportation,Low
يا شركة الكهرباء الخمس بدون ضي من البارح,Infrastructure/Utilities,Medium
مدير عام مطار مصراتة يؤكد عدم تسجيل اصابات بشرية في حادثة الطائرة,Road/Transportation,Medium
يخصموا فلوس من حسابات الزبائن في مصرف التجاري الوطني من غير رسائل ولا توضيح للسبب,Other,Medium
سيول جارفة في جبال تيبستي بعد امطار غزيرة,Flood/Severe Weather,High
سيول مدينة درنة جرفت ضحايا ومباني الى شاطئ بحر درنة واستدعت اخلاء المدينة,Flood/Severe Weather,Critical
فرع جوازات بنغازي فيه طوابير مئات الامتار والسماسرة يبيعوا في المواعيد باسعار خيالية على عينك يا تاجر,Other,Low
انفجار داخل مبنى ماهول ادى الى انهيار جزء من الواجهة ووجود اشخاص مفقودين,Fire/Explosion,Critical
انهيار طريق رئيسي في جنزور غرب طرابلس مع سقوط مركبات ووجود مصابين,Infrastructure/Utilities,Critical
عدة مباني والعة فيها النار في نالوت والرياح تزيد الانتشار والقدرات المحلية تجاوزها الحادث,Fire/Explosion,Critical
زحمة كبيرة قدام محطات الوقود في سبها وخايفين ترجع ازمة البنزين,Infrastructure/Utilities,Low
حالة طارئة في طريق الجامعة ومحتاجين سيارة اسعاف باسرع وقت,People at Risk/Medical,Critical
اللحظات الاولى للسيول في درنة قبل الكارثة,Flood/Severe Weather,Critical
فيه عشرات المصابين في المرج وبعضهم حالتهم حرجة,People at Risk/Medical,Critical
سيول محدودة في هون حاصرت مركبتين,Flood/Severe Weather,Medium
بلاغ على شخص ضايع في الليثي واتلقوه قريب وهو بخير,People at Risk/Medical,Low
نبو اسعاف بسرعة في الزاوية فيه مصاب محتاج نقل للمستشفى,People at Risk/Medical,Critical
وفاة ثلاثة شباب اثر حادث سير على طريق الجبل بين الرياينة والزنتان,Road/Transportation,Critical
وجود بركة مياه مختلطة بوقود الديزل في شارع ولي العهد باتجاه مستشفى المواصفات وتحتاج الى وسيلة شفط,Infrastructure/Utilities,Medium
شاب انجرح في سبها ويحتاج خياطة النزيف توقف قبل وصول الاسعاف,People at Risk/Medical,Medium
عطل في محول كهربائي مع انقطاع الخدمة عن حي كامل,Infrastructure/Utilities,Low
انهيار سدي مدينة درنة وتدفق سيول جارفة ادت الى تدمير عدة مبان سكنية بوسط المدينة واختفاء شوارع بالكامل وسقوط مئات الضحايا,Flood/Severe Weather,Critical
اندلاع حريق داخل ورشة سيارات بطريق السور بالقرب من بريد شارع الزاوية,Fire/Explosion,Medium
انفجار بسيط في جهاز كهربائي داخل محل دون اصابات,Fire/Explosion,Low
الحفر في غريان زادت ومسببة خطر على السيارات,Road/Transportation,Low
اندلاع حريق داخل مبنى ديوان المحاسبة الواقع بشارع الالكترونات في منطقة الظهرة,Fire/Explosion,Medium
سقوط شجرة على الطريق العام في شارع بن عاشور بالقرب من جامع باقي ما تسبب في اعاقة حركة السير,Road/Transportation,Medium
الزبالة متراكمة بشكل مرعب قريب من محطة محولات اللثامة في بنغازي,Other,Low
انهيار سدي مدينة درنة وتدفق سيول جارفة ادت الى ابتلاع عمارات سكنية بوسط الوادي والمناطق المنخفضة وسقوط الاف الضحايا والمفقودين,Flood/Severe Weather,Critical
نشوب حريق في مصرف الامان فرع الظهرة,Fire/Explosion,Medium
داهمت مياه السيول العارمة مدرسة الزهراء بوسط درنة مما ادى الى انهيار اجزاء منها ومحاصرة اشخاص داخلها وتصاعد مناشدات لاجلائهم بشكل عاجل,Flood/Severe Weather,High
البنزينة في اوباري زحمة والطابور واصل للطريق العام,Infrastructure/Utilities,Medium
اصابة بسيطة في المنزل والمصاب مستقر ولا يحتاج الى انقاذ,People at Risk/Medical,Low
المية مقطوعة على عين زارة من الصبح ومفيش توضيح,Infrastructure/Utilities,Medium
سيارة قلبت في الليثي في بنغازي وفيه اصابات متوسطة بين الركاب,Road/Transportation,High
شخص يعاني من اصابة متوسطة ويحتاج الى نقل للمستشفى دون خطر فوري على الحياة,People at Risk/Medical,Medium
زوز عالقين داخل مبنى في طمينة في مصراتة وعندهم اصابات مش خطيرة,People at Risk/Medical,High
فيه جماعة مخربين سور مدرسة بمنطقة الزروق في مصراتة كاتبين ومكسرين المكان,Infrastructure/Utilities,Medium
شاب مصاب في الزاوية ومحتاج اسعاف,People at Risk/Medical,High
انفجار محدود في مستودع مع اضرار مادية واصابتين,Fire/Explosion,High
يا جماعة فيه اقتحام لمحل في السلماني ببنغازي الموضوع صار قبل شوية,Other,Medium
حريق واسع في مركز ايواء في سبها مع اشخاص محاصرين,Fire/Explosion,Critical
حريق ضخم في مبنى سكني في غدامس مع ثلاث وفيات وعدة اصابات,Fire/Explosion,Critical
اللي ماشي من طريق الميناء في مصراتة يدير حسابه الطريق متضرر واجد من الجهة هذي,Road/Transportation,Medium
انسداد خط صرف صحي رئيسي بمنطقة قمودة بطريق الداخلية وطريق السرول,Infrastructure/Utilities,Low
المحول في اوباري ضرب والشارع كله بدون كهرباء,Infrastructure/Utilities,High
حريق صغير في سطح منزل في صلاح الدين في طرابلس,Fire/Explosion,Medium
حالة في عيادة الاستقلال تحتاج سيارة اسعاف لنقلها الى مستشفى معيتيقة في عرادة,People at Risk/Medical,Medium
نافطة واقفة في سوق الجمعة ومضيقة الطريق ردوا بالكم,Road/Transportation,Medium
انفجار خزان تسخين مياه داخل احد المنازل بمنطقة صلاح الدين مما ادى لاضرار مادية بالمكان,Fire/Explosion,Medium
فيه عدة حالات اختناق من دخان كثيف في ترهونة,People at Risk/Medical,High
انقطاع التيار الكهربائي عن جزء من منطقة بوهادي في بنغازي بسبب حادث مرور وكسر عمودين وسقوط اسلاك كهربائية,Infrastructure/Utilities,High
تصادم متسلسل في قصر احمد في مصراتة وفيه عشرات المصابين,Road/Transportation,High
اصابة خمسة اشخاص في حادث مروري بطريق السبعة في طرابلس,Road/Transportation,High
ارتفاع مفاجئ للمياه في وسط مدينة الزاوية مع غرق منازل ووجود مفقودين,Flood/Severe Weather,Critical
شن افضل طريق نمشوا منه ل غريان في الوقت هذا,Other,Low
حادث على كوبري في زليتن ومركبة معلقة على الحافة حياة الركاب في خطر مباشر,Road/Transportation,High
جزء كبير من جسر انهار وفيه ضحايا ومفقودين,Infrastructure/Utilities,Critical
غمرت المياه عدة طرق فرعية وبعض الممتلكات وتحتاج المنطقة لتصريف المياه,Flood/Severe Weather,Medium
حريق كبير في عدة مبان متجاورة مع اخلاء واسع للسكان,Fire/Explosion,Critical
انزلاق سيارة بسبب الامطار دون اصابات وتوقفت خارج الطريق,Road/Transportation,Low
حريقة صغيرة في نخلة عند وادي الربيع الدفاع المدني طفاها وما وصلتش للمباني,Fire/Explosion,Low
شاحنة طاحت حمولتها في قرقارش وسكرت مسار واحد سائق مصاب اصابة متوسطة,Road/Transportation,Medium
حريق في بناية سكنية متعددة الطوابق في صبراتة مع اجلاء عشرات السكان,Fire/Explosion,Critical
الضي هرب من الخمس من بدري ومزال ما رجعش نبو نعرفوا شن السبب,Infrastructure/Utilities,Medium
سيارة خشت في حاجز في البريقة وما فيش اصابات,Road/Transportation,Low
وجود خطي مياه مكسورين بالقرب من صيدلية جمال عبد الناصر,Infrastructure/Utilities,Medium
نقص كبير في اسطوانات الغاز في زليتن وسعرها في السوق السودة قياسي,Infrastructure/Utilities,Medium
الضي قاطع ليها 8 ساعات في حي الاندلس والحر هلبا والمكيفات كلها واقفة,Infrastructure/Utilities,Medium
تصريف المياه واقف في راس اجدير وكل مطرة نفس المشكلة ترجع,Flood/Severe Weather,High
المطر صبت بشكل قوي في صبراتة والشارع زلق,Flood/Severe Weather,Medium
حادث متسلسل لعدة سيارات مع اصابات كثيرة واشخاص عالقين,Road/Transportation,Critical
وجود قذيفة مدفعية عيار 106 غير منفجرة بالقرب من كوبري الزهراء في منطقة الجفارة,Other,High
مريض في حالة حرجة يحتاج الى انعاش ونقل فوري,People at Risk/Medical,High
تسريب غاز محدود من خط في بني وليد كم حوش طلعوا مؤقت والفريق مسيطر,Infrastructure/Utilities,Medium
كسر في خط مياه رئيسي في سرت مع انقطاع الامداد لعدة ساعات,Infrastructure/Utilities,Medium
رياح شديدة في جنزور طيحت سقف حوش وفيه اصابة بشرية خطيرة جدا,Flood/Severe Weather,High
زحمة هلبة في سوق الجمعة والحركة واقفة تقريبا,Road/Transportation,Medium
عمود كهربا طايح في شارع ميزران بطرابلس والاسلاك قريبة من السيارات,Infrastructure/Utilities,Critical
حريق داخل منزل بطريق السور بالقرب من مسجد الهوني,Fire/Explosion,Medium
امطار قوية توا في صبراتة الرجاء تخفيف السرعة والحيطة,Flood/Severe Weather,Medium
حالتان معقدتان في مستشفى الجلاء للولادة بطرابلس تعانيان من مشيمة ملتصقة بالغة الخطورة واحداهما تدهورت بسبب نزيف حاد,People at Risk/Medical,High
شاحنة عاطلة في بنغازي ومسببة اختناق في المرور,Road/Transportation,Medium
النار منتشرة في عدة طوابق ببرج في اجدابيا فيه محاصرين هلبا,Fire/Explosion,Critical
سيارة انقلبت قرب عين زارة الركاب طلعوا وعندهم اصابات متوسطة والطريق مفتوح جزئيا,Road/Transportation,Medium
حريق بسيط في مركبة متوقفة في ابو سليم في طرابلس,Fire/Explosion,Medium
بعد المطر جزء من الشارع انهار في قنفودة ببنغازي والممر ضاق على السيارات,Road/Transportation,High
يا شركة الكهرباء الدهماني بدون ضي من البارح,Infrastructure/Utilities,Medium
نافطة واقفة في غريان ومضيقة الطريق ردوا بالكم,Road/Transportation,Medium
تجمع مياه كثيف في عين زارة في طرابلس مع اخلاء منزلين,Flood/Severe Weather,Medium
رماية مسموعة في تاجورا والناس تبي تعرف شن صاير ابعدوا عن المكان,People at Risk/Medical,High
حريق واسع في مخزن وقود في صرمان يهدد المنشات المجاورة,Fire/Explosion,High
وجود كسر في انبوب شبكة مياه النهر بمنطقة سوق الجمعة شارع شط الهنشير امام مسجد ابو دراع,Infrastructure/Utilities,Medium
طريق الدافنية غرق من المطر,Flood/Severe Weather,High
اشتعال كمية من المخلفات في قرقارش في طرابلس,Fire/Explosion,Medium
حادث جماعي فيه وفيات واصابات خطيرة,People at Risk/Medical,Critical
حريق في محرك طائرة للخطوط الجوية الليبية اثناء التحليق تسبب في هلع بين الركاب,Fire/Explosion,Critical
عملية سطو مسلح واطلاق نار على تاجر عملة فوق كوبري الودان اثناء توجهه من سوق المشير الى الظهرة في مدينة طرابلس وسرقة اموال منه,Other,High
نبو سيارة اسعاف بشكل عاجل الحالة محتاجة تدخل سريع,People at Risk/Medical,Critical
عملية سطو مسلح بطريق السدرة في قصر بن غشير اسفرت عن سرقة سيارة احد المواطنين,Other,High
طفل ضايع في الكيش في بنغازي,People at Risk/Medical,Medium
ضبط شخص متورط في قضايا اطلاق نار وسطو مسلح وسرقة مركبات وانتحال صفة ضابط في اوباري,Other,Medium
ولد صغير ضايع في طريق الشط في طرابلس,People at Risk/Medical,Low
اندلاع حريق بسيط في سلة قمامة ومخلفات بجانب المحلات التجارية بشارع عمر المختار,Fire/Explosion,Low
زوز اشخاص تصابوا بعد ما طاح جزء من السقف في الزنتان,People at Risk/Medical,High
تعرض كيميائي جماعي في رقدالين خلى عشرات المصابين مطلوب دعم طبي من مناطق ثانية,People at Risk/Medical,Critical
جريان الاودية الجبلية وتدفق مياه الامطار الغزيرة بفعل الاعصار المتوسطي دانيال في مناطق ومدن الشرق الليبي,Flood/Severe Weather,High
طاح برج اتصالات تابع للمدار في وادي الشاطئ بسبب الرياح القوية والخدمة انقطعت كامل على القرى اللي حداه,Infrastructure/Utilities,Medium
دخان كثيف من مخزن محدود في مصراتة تم اخلاء المحلات اللي جنبه والنار تحت السيطرة,Fire/Explosion,Medium
سقوط طفل عمره تسعة اشهر من مكان مرتفع في سرت ادى الى نزيف حاد في المخ وانخفاض مستوى الوعي,People at Risk/Medical,High
فيضانات واسعة في طريق المطار في طرابلس مع اجلاء عدد من الاسر,Flood/Severe Weather,High
مية النهر الصناعي مقطوعة على اغلب احياء طرابلس الكبرى بسبب مشاكل في الضي وحقول الابار,Infrastructure/Utilities,High
محطة انتظار الحافلات في حي سكرة بسبها خربوها بالكامل,Infrastructure/Utilities,Medium
شاب مصاب في تاجورا ومحتاج اسعاف,People at Risk/Medical,High
وجود تسريب في انبوب مياه النهر بشارع الصريم مقابل مدرسة طرابلس الثانوية ضمن نطاق بلدية طرابلس المركز,Infrastructure/Utilities,Medium
سيول قوية حاصرت عددا من السكان وتمنع وصول المركبات,Flood/Severe Weather,High
امراة محتاجة نقل طبي من ترهونة واعية ومافيش تهديد مباشر لحياتها,People at Risk/Medical,Medium
عائلة عالقة بسبب تجمع المياه في قرقارش ومحتاجة مساعدة,People at Risk/Medical,Critical
تصادم بسيط بين سيارتين في الكفرة وما فيش اصابات,Road/Transportation,Low
مطر قوية في الرجبان دخلت لزوز حياش العائلات طلعت مؤقت والوضع تحت السيطرة,Flood/Severe Weather,Medium
حريق داخل ورشة مع اصابة شخص بحروق طفيفة,Fire/Explosion,High
طلب مرافقة دورية امنية لفريق صيانة تابع للشركة العامة للكهرباء امام مركز شرطة باب بن غشير,Other,Low
انهيار جسر رئيسي في سوق الجمعة اثناء الزحمة سيارات هلبة طاحت وعدد المفقودين كبير,Infrastructure/Utilities,Critical
صار تماس في لوحة صغيرة داخل محل في جنزور فصلوا الكهرباء ومافيش حد تضرر,Fire/Explosion,Low
شخص عنده جرح بسيط في بوعطني في بنغازي,People at Risk/Medical,Low
فيه عدة حالات اختناق بسيطة في المرج,People at Risk/Medical,Medium
حريق كبير في محطة غاز ببني وليد مع خطر انفجار خزانات متعددة المنطقة السكنية كلها تحت تهديد مباشر,Fire/Explosion,Critical
عيلة استنشقت دخان مولد في غات عندهم اعراض متوسطة وكلهم واعيين,People at Risk/Medical,Medium
تسمم جماعي في مناسبة بالرجبان,People at Risk/Medical,Critical
السائق محشور في السيارة في قرقارش والشباب يحاولوا يطلعوه,People at Risk/Medical,Critical
حالة في مستشفى القلب بمنطقة تاجوراء تحتاج فصيلة دم O,People at Risk/Medical,Medium
تصادم بين حافلة وشاحنة في صرمان فيه وفيات وعدد كبير من المصابين,Road/Transportation,Critical
عطل كبير في محطة مياه في طبرق اوقف الامداد عن الاف السكان,Infrastructure/Utilities,High
محطة توزيع صغيرة في طبرق وقفت الانقطاع على حي واحد ومتوقع يصلحوها اليوم,Infrastructure/Utilities,Medium
معاملة خايبة واجراءات بطيئة في مكتب التوثيق والسجل المدني بطرابلس والموظفين غايبين,Other,Low
ثلاثة اشخاص مفقودين قريب من غات,People at Risk/Medical,Medium
فيضان جزئي عند كوبري وادي الربيع وتراكم الطين والمياه ادى الى غلق الطريق امام المركبات الصغيرة,Flood/Severe Weather,Medium
سرقة سيارة مواطن بعد اعتراضه من قبل مجموعة مسلحة في منطقة بئر الغنم,Other,High
مقتل شابين اثر تعرضهما لاطلاق نار في مدينة سبها,Other,High
حالات تسمم جماعي بعد تسرب مادة كيميائية مع حاجة للاخلاء والمعالجة,People at Risk/Medical,Critical
اندلاع حريق داخل مخزن بالقرب من الملكية مول في منطقة السدرة,Fire/Explosion,Medium
فيه ناس محاصرين داخل مبنى,People at Risk/Medical,High
اصابة طفل وشخص اخر بالرصاص بالقرب من سيمافرو المستشفى في مدينة صبراتة واحداهما اصابة خطيرة,Other,High
حريق كبير في مبنى سكني من عدة طوابق مع وجود اشخاص عالقين بالداخل,Fire/Explosion,Critical
انفجار في مركبة متوقفة ادى الى اضرار محدودة دون اصابات,Fire/Explosion,Medium
انتشال جثة شاب من شاطئ القويعة طرابلس بعد حادث غرق ادى الى وفاة شخصين,People at Risk/Medical,High
فيه شخص عالق داخل سيارة بعد حادث في قرقارش ونبو اسعاف وانقاذ,People at Risk/Medical,Critical
المحول في الدهماني ضرب والشارع كله بدون كهرباء,Infrastructure/Utilities,High
لين توا ما وزعوش الكتاب المدرسي في اغلب مدارس الجنوب الليبي وفات شهرين على بداية السنة الدراسية والتلاميذ بدون كتب,Other,Medium
حادث مروري بين ست مركبات على الطريق السريع ادى الى ثلاث اصابات متوسطة الى بليغة,Road/Transportation,High
شبكة ليبيانا قاطعة كامل في واحات جالو واوجلة,Infrastructure/Utilities,Medium
البنزينة في الدهماني زحمة والطابور واصل للطريق العام,Infrastructure/Utilities,Medium
سيارة طلعت من الطريق في تازربو وما فيش اصابات,Road/Transportation,Low
اندلاع حريق داخل مدرسة بدر غرور,Fire/Explosion,High
انفجار انبوب مياه في احد شوارع مصراتة تسبب في تسرب كميات كبيرة من المياه واغلاق جزء من الطريق,Infrastructure/Utilities,Medium
وجود شخص فاقد للوعي اسفل احد الكباري,People at Risk/Medical,High
حادث سير في طريق المطار يؤدي الى اشتعال نيران بسيارة احد المواطنين قبل قليل,Fire/Explosion,High
انقلاب حافلة وعلى متنها عدد كبير من الركاب مع عدة اصابات خطيرة,Road/Transportation,Critical
شاب مصاب في طريق الجامعة ومحتاج اسعاف,People at Risk/Medical,High
فيضان محلي اثر على الطريق وادى الى اجلاء عدد محدود من الاسر,Flood/Severe Weather,High
هبوط بسيط في جزء من الرصيف في سبها,Infrastructure/Utilities,Low
موقع حجز الجوازات ما يخدمش ويتقفل بعد دقيقة من ما تفتحه,Other,Low
تسرب بخط مياه رئيسي امام مركز طرابلس الطبي بشارع النصر في طرابلس,Infrastructure/Utilities,Medium
الطريق في راس اجدير مسكر توا بسبب اعمال صيانة,Road/Transportation,Medium
زحمة خانقة واقفة من بدري في الهضبة بسبب عطل شاحنة,Road/Transportation,Medium
حريق محدود في حاوية نفايات في سوق الجمعة في طرابلس,Fire/Explosion,Medium
وجود عطل في كابل كهرباء بمنطقة صلاح الدين بالقرب من عمارات صلاح الدين نتيجة اعمال حفر,Infrastructure/Utilities,Medium
شاب مصاب في قرقارش ومحتاج اسعاف,People at Risk/Medical,High
اندلاع حريق في احد الاسواق بمنطقة قاريونس بمدينة بنغازي,Fire/Explosion,High
فيه عدة عمال مصابين اصابات خطيرة في تراغن,People at Risk/Medical,High
ازعاج مستمر للسكان جراء وجود مسكن للعمالة الوافدة بمنطقة شط الهنشير في سوق الجمعة,Other,Low
انهيار جزئي في سقف منزل وتم اخلاء السكان دون اصابات,Other,Medium
يحرقوا في النفايات الطبية في العراء قريب من الاحياء السكنية في سبها كارثة بيئية,Other,Medium
حادث سير قوي فيه وفيات واصابات متعددة,Road/Transportation,Critical
شارع الاصفاح بين الاعطال وطرح الاحمال معاناة السكان من انقطاع الكهرباء لساعات طويلة,Infrastructure/Utilities,Medium
مياه الامطار غمرت موقف سيارات دون وجود اشخاص في خطر,Flood/Severe Weather,Low
حريق في متجر للمواد المنزلية في البركة في بنغازي مع اضرار مادية بالمحل,Fire/Explosion,High
طاحت اجزاء من عمارة قديمة في المدينة القديمة طرابلس وفيه جرحى وناس محاصرين تحت الانقاض عاجل,Infrastructure/Utilities,High
سيول في منطقة الوسيطة شمال مدينة البيضاء,Flood/Severe Weather,High
حرائق واسعة في غابات الجبل الاخضر دون خسائر بشرية حتى وقت النشر,Fire/Explosion,High
حادث سير في طريق المطار والرجاء اللي مستعجل يتفادى الطريق,Road/Transportation,High
سقوط سقف مدرسة قيد الانشاء في القربولي بدون وجود اصابات بشرية,Infrastructure/Utilities,Medium
45 وفاة غرقا واكثر من 70 عملية انقاذ على الساحل الشرقي الليبي منذ بداية الصيف,People at Risk/Medical,Critical
انقطاع الكهرباء منذ يوم امس في تاجوراء اربعة شوارع سيرتي بالقرب من مدرسة السلام مع وجود عطل بخط 11,Infrastructure/Utilities,Medium
فيه ناس محاصرين بالمية في تاجورا ونبو فرق انقاذ,People at Risk/Medical,Critical
الضي مقطوع على حي المنشية بسبها من يومين ورا بعض والاكل اللي في الفريزر كله خرب,Infrastructure/Utilities,Medium
واحد يغرق قبالة شحات والمنقذين يحاولوا يوصلوله حياته في خطر مباشر,People at Risk/Medical,High
مركبة انزلقت في توكرة ووقفت على جنب كل اللي فيها سالمين,Road/Transportation,Low
حريق كبير في مستودع مع امتداد النيران الى مبان مجاورة,Fire/Explosion,High
حادث كبير في وسط مدينة الزاوية وفيه اصابات واجدة والطريق مسكر بالكامل,Road/Transportation,High
دخان طالع من مخزن في جنزور والريحة قوية نبو المطافي والاسعاف يجو للمكان,Fire/Explosion,High
ارتفاع مفاجئ في عدد الحالات الطبية بعد تعرض مجموعة لمادة كيميائية,People at Risk/Medical,Critical
شوارع الليثي غرقت كلها بعد مطر خفيف اليوم ومية المطر دخلت في بعض المحلات,Flood/Severe Weather,Medium
يا جماعة فيه نار طالعة من محل في درنة اللي قريب يبعد عن المكان,Fire/Explosion,High
اصابة 22 ليبيا اثر انزلاق حافلة سفر متجهة الى تونس في محافظة مدنين,Road/Transportation,Critical
انهيار جزء من طريق رئيسي في المرج ادى الى اغلاقه بالكامل,Infrastructure/Utilities,Medium
فيه ناس محاصرين تحت الردم في زليتن,People at Risk/Medical,High
بعد المطر طريق زناتة بطرابلس غرق بالكامل السيارات واقفة من الجهتين,Flood/Severe Weather,High
انجراف وتراكم عدة سيارات فوق بعضها وانغمارها بمياه السيول العارمة قرب المباني السكنية بمدينة درنة,Flood/Severe Weather,High
مخابز في طبرق تستعمل برومات البوتاسيوم الممنوعة في عجين الخبز كارثة صحية على الناس,People at Risk/Medical,Medium
حادث بين ثلاث سيارات اسفر عن اصابات طفيفة على طريق غريان مزدة,Road/Transportation,Medium
حادث سير مفجع في طريق مصنع الشاحنات تاجوراء قرب الجامع الاخضر بين سيارتين,Road/Transportation,High
انقطاع كهرباء في اوباري لساعات والناس تبي حل,Infrastructure/Utilities,Medium
حريق في مولد كهربائي اسفل بناية سكنية بمنطقة 11 يونيو في مصراتة وتمت السيطرة عليه,Fire/Explosion,Medium
حادث مروع على الطريق الساحلي مصراتة حافلة ركاب اصطدمت بشاحنة وفيه وفيات كثيرة وعشرات المصابين بحالات خطيرة والاسعاف المحلي ما كفاش والطريق توا مقفول,Road/Transportation,Critical
عامل طاح من ارتفاع في طبرق واصابته مهددة للحياة محتاج نقل عاجل,People at Risk/Medical,High
الحفر في طريق المطار زادت ومسببة خطر على السيارات,Road/Transportation,Low
حالة طارئة في تاجورا ومحتاجين سيارة اسعاف باسرع وقت,People at Risk/Medical,Critical
اعمال حفر دون اذن تسببت في انقطاع واسع للكهرباء في بنغازي,Infrastructure/Utilities,High
الكهربا قاطعة على زنقة وحدة في صبراتة الفريق جاي,Infrastructure/Utilities,Low
وجود هبوط مفاجئ في الطريق العام بمحلة قرقارش امام بصريات النعمان ومحطة وقود الشرارة ببلدية حي الاندلس,Road/Transportation,Medium
طفح مياه الصرف الصحي بشارع 9 بالقرب من مقهى فارس في غوط الشعال,Infrastructure/Utilities,Medium
ثلاث سيارات تصادمن عند تاجوراء اصابات بسيطة وزحمة هلبة في المكان,Road/Transportation,Medium
اندلاع حريق داخل منزل في بن عاشور بجوار مسجد بن ناجي,Fire/Explosion,Medium
مشروع في طريق المطار واقف والشارع متبهدل من الحفر,Other,Low
سقوط كابل كهربائي في منطقة عين زارة بطريق المشتل بالقرب من سوق الغزيوي,Infrastructure/Utilities,High
انسداد خط صرف صحي فرعي مع تجمع محدود للمياه,Infrastructure/Utilities,Low
تسرب مياه من انبوب صغير في الزنتان,Infrastructure/Utilities,Low
وجود نافطة على كوبري الشاحنات جهة مدرسة الواحة تشكل عائقا على الطريق,Road/Transportation,High
حريقة في سطح عمارة في سرت امتدت لخزان بلاستيك وبعدين تمت السيطرة عليها,Fire/Explosion,Medium
الطريق في بنغازي مسكر توا بسبب اعمال صيانة,Road/Transportation,Medium
الصرف الصحي فايض في الخمس والريحة والمية في نص الشارع,Infrastructure/Utilities,High
الكلاب السايبة منتشرة في شوارع الزاوية وتخوف النساء والاطفال بالليل,Other,Low
انقطاع مياه النهر عن مدينة زليتن في محلة زاوية الفطيسي بالقرب من مسجد الحمودات لاكثر من اسبوعين,Infrastructure/Utilities,Medium
اشتعال محدود في مولد كهربائي في طريق المطار في طرابلس,Fire/Explosion,Medium
اندلاع حريق في مركبة بالقرب من صالة نهاوند,Fire/Explosion,Medium
انقطاع كامل للكهرباء في سوق الجمعة في طرابلس اثر مباشرة على مستشفى ومرافق حيوية,Infrastructure/Utilities,High
عراك بين اكثر من شخص عند محطة وقود في حي القرضة بسبها والناس تحاول تفرق فيهم,Other,High
حادث شاحنة مع تسرب وقود من الخزان والطريق اصبح معرضا لخطر اضافي,Road/Transportation,High
تسمم بغاز داخل مجمع سكني في سلوق اصابات هلبا واخلاء عدة عمارات بدا,People at Risk/Medical,Critical
سيول وفيضانات تغرق غات وتهالا وتجبر الاهالي على مغادرة منازلهم في موجة تقلبات جوية حادة,Flood/Severe Weather,Critical
مقتل شاب واصابة شقيقه اثر مشاجرة امام مدرسة علي سيالة في زاوية الدهماني,Other,High
تصادم بسيط بين سيارتين دون اصابات والسيارتان خارج مسار المرور,Road/Transportation,Low
فيضان مياه الصرف الصحي وتكدس القمامة في احد شوارع توكرة,Infrastructure/Utilities,Medium
حادث بين سيارتين في غريان ومسبب زحمة كبيرة,Road/Transportation,High
السرعة الجنونية تسببت في حادث سير بالقرب من الجسر الحديدي,Road/Transportation,High
الانترنت ضعيف هلبا وال 4G ما يفتحش حتى صفحة وحدة في قصر بن غشير وندفعوا في كروت الشحن على الفاضي,Infrastructure/Utilities,Low
ارتفاع بسيط في منسوب المياه في ترهونة,Flood/Severe Weather,Low
انسداد خط صرف صحي فرعي في صرمان مع تجمع محدود للمياه,Infrastructure/Utilities,Low
شخص حس بدوخة في الطريق في زليتن وتوا واعي وحالته كويسة,People at Risk/Medical,Low
رماية بالاسلحة الخفيفة في طريق بوابة الجبس بالقرب من شيل احمد محمود طرابلس,People at Risk/Medical,High
حفرة صرف صغيرة في غريان مسكرينها بحاجز لحد ما تجي الصيانة,Infrastructure/Utilities,Low
تصادم خفيف بين مركبتين دون اصابات وتعطلت حركة المرور لدقائق,Road/Transportation,Low
ماسورة رئيسية انفجرت في البيضاء وغرقت الشارع كم حوش بدون مية توا,Infrastructure/Utilities,Medium
عائلة عالقة بسبب تجمع المياه في الزاوية ومحتاجة مساعدة,People at Risk/Medical,Critical
تصادم عدة سيارات على الطريق الساحلي بمنطقة صياد غرب العاصمة طرابلس,Road/Transportation,High
موج البحر عالي قرب هون والصيادين رجعوا مافيش بلاغات على مفقودين,Flood/Severe Weather,Low
حادث دراجة نارية مع اصابة بسيطة وعدم وجود خطر اضافي,Road/Transportation,Low
انهيار مبنى في القره بوللي وفيه عدد كبير محاصر كل فرق الانقاذ المحلية مشغولة,People at Risk/Medical,Critical
حريق داخل عيادة في سبها المرضى يطلعوا بصعوبة وفيه اصابة مهددة للحياة,Fire/Explosion,High
انقطاع كهرباء في معتيقة لساعات والناس تبي حل,Infrastructure/Utilities,Medium
تراكم القمامة في احد الشوارع الرئيسية في بنغازي منذ عدة ايام مع انبعاث روائح مزعجة للسكان,Other,Medium
فيه وفيات ومصابين حالتهم حرجة في الخمس,People at Risk/Medical,Critical
انهيار جزء كبير من جسر مع ضحايا ومفقودين,Infrastructure/Utilities,High
تشكل غدير مائي ضخم بوسط شارع الزاوية ادى الى محاصرة المحال التجارية ودخول المياه بالطوابق الارضية,Flood/Severe Weather,High
طابور سيارات ماشي كيلومترات قدام محطة وقود طريق المطار بطرابلس بسبب نقص البنزين,Road/Transportation,Low
نبو اسعاف بسرعة في طريق الجامعة فيه مصاب محتاج نقل للمستشفى,People at Risk/Medical,Critical
تصادم ثلاث سيارات مع اصابات متوسطة ولا توجد حالات عالقة,Road/Transportation,Medium
حادث بين سيارتين ادى الى اصابات بسيطة وتم نقل المصابين للفحص,Road/Transportation,Medium
اندلاع حريق خلف مطعم الدجاجة السعيدة في مدينة مصراتة,Fire/Explosion,Medium
الطريق في بنغازي محتاج صيانة الحفر كل يوم تزيد,Road/Transportation,Low
وجود شخص مصاب في رجله بحالة غرغرينا بالقرب من مسجد ابو كميشة بمنطقة الامداد الطبي في طريق السكة,People at Risk/Medical,High
حريق في حافلة نقل ركاب متوقفة على جانب الطريق بمنطقة السراج دون تسجيل خسائر,Fire/Explosion,Low
عطل واسع في شبكة الاتصالات في راس لانوف اثر على خدمات اساسية,Infrastructure/Utilities,High
حادث بين عدة سيارات في نالوت فيه قتلى ومصابين حالتهم حرجة,Road/Transportation,Critical
منظومة المقاصة الالكترونية بين المصارف التجارية واقفة كامل والصكوك متجمدة ومصالح الناس معطلة,Other,Medium
اعلان حالة طوارئ طبية في العاصمة طرابلس ودعوة المواطنين للبقاء في منازلهم,People at Risk/Medical,Critical
تضرر خط كهرباء رئيسي في تازربو مع انقطاع الخدمة عن مناطق متعددة,Infrastructure/Utilities,Medium
حريق صغير في ارض زراعية وتمت السيطرة عليه دون تعرض اي شخص للخطر,Fire/Explosion,Low
تعرض الجسر الزجاجي في منطقة جليانة للتخريب للمرة الثانية,Other,Medium
بلاغ عن سرقة في بنغازي والموضوع محتاج تدخل الجهات المختصة,Other,Medium
اندلاع حرائق واسعة في غابات الجبل الاخضر دون خسائر بشرية حتى وقت المنشور,Fire/Explosion,High
مية واقفة جنب الرصيف في طبرق لكن السيارات تمر عادي ومافيش خطر على البيوت,Flood/Severe Weather,Low
عطل في محول كهربائي صغير في غات,Infrastructure/Utilities,Low
المية مقطوعة على معتيقة من الصبح ومفيش توضيح,Infrastructure/Utilities,Medium
جزء من مبنى انهار بعد انفجار في الكفرة وفيه احتمال ناس تحت الركام,Fire/Explosion,High
سيارة زلقت في راس اجدير وخشت في سيارة ثانية الحيطة,Road/Transportation,High
قارب غرق قبالة الجميل وعلى متنه ناس هلبة فيه مفقودين وعمليات الانقاذ واسعة,People at Risk/Medical,Critical
حريق ضخم في مصنع في وسط مدينة الزاوية مع اصابات متعددة,Fire/Explosion,Critical
حادث قوي على طريق المطار قريب من جسر الفروسية بين سيارتين وشعلت فيهم النار وفيه ناس محاصرين جوا ما قدروش يخرجوا,Road/Transportation,High
غطاء بالوعة مكسور في غات وتم تحويط المكان,Infrastructure/Utilities,Low
وجود مركبة مشبوهة امام احدى المدارس في مدينة صرمان تحتوي على خمس قذائف مدفعية ولغم ارضي موصول بدائرة تفجير,Other,Critical
شاحنة نفطية اصطدمت بحافلة في ترهونة اصابات جماعية والمستشفيات طالبة دعم من برا المنطقة,Road/Transportation,Critical
حادث بين ثلاثة سيارات في ابو سليم في طرابلس وفيه زوز مصابين,Road/Transportation,Medium
البيفي كله غدران نبوا سيارات تجي تشفط المية,Flood/Severe Weather,High
حافلة صغيرة طلعت من الطريق في قرقارش في طرابلس وفيه اصابات متوسطة,Road/Transportation,High
امطار غزيرة وخيرات في طريق المطار الان الرجاء تخفيف السرعة والحذر,Flood/Severe Weather,Medium
عاملين استنشقوا دخان في غريان ونقلوهم للمستشفى وحالتهم مستقرة,People at Risk/Medical,Medium
حادث بين كيا تقودها سيدة وتويوتا بطريق المطار بعد فقدان السيدة للسيطرة على عجلة القيادة نتيجة السرعة مما ادى لاصطدامها بالتويوتا,Road/Transportation,Medium
انسداد غرفة صرف في غدامس مع طفح محدود,Infrastructure/Utilities,Low
فيضان سريع ضرب بنغازي وحاصر ناس هلبة احياء كاملة تتخلى والفرق المحلية مش مكفية,Flood/Severe Weather,Critical
فيه مصاب ومحتاج اسعاف بسرعة لكن الموقع مش واضح لحد الان,People at Risk/Medical,Critical
انقطاع في شبكة الاتصالات في ترهونة اثر على عدد كبير من المشتركين,Infrastructure/Utilities,Low
صار انهيار لجزء من الكياس في زناتة القديمة,Road/Transportation,High
شخص يعاني من ازمة تنفسية حادة ويحتاج الى تدخل اسعافي عاجل,People at Risk/Medical,High
احتراق مركبة ينهي حياة طفلين في سبها,Fire/Explosion,Critical
حريق داخل مطبخ احد المطاعم بمنطقة بن عاشور,Fire/Explosion,Medium
حريق باشجار النخيل في واحة تازربو بمنطقة الكفرة,Fire/Explosion,High
صار شجار قدام مطعم في الليثي ببنغازي وواحد اتصاب نبو حد يجي للمكان,People at Risk/Medical,High
حريق شقة في صبراتة والنار قاعدة تنتشر فيه شخص محاصر في الداخل والمطافي تحاول توصله,Fire/Explosion,High
ارتفاع منسوب المياه في شوارع في سلوق جنوب بنغازي ودخولها الى عدد محدود من المحال,Flood/Severe Weather,Medium
مواطن يبلغ على سرقة سيارته في منطقة البركة ببنغازي كانت مدرسة قدام العمارة,Other,Medium
